User name,AWS access key,Event time,Event source,Event name,AWS region,Source IP address,User agent,Error code,Resources,Request ID,Event ID,Read-only,Event type,Recipient Account Id,Event category
root,ASIAYS2NXC2T36F5TF2D,2024-04-16T08:59:42Z,cloudtrail.amazonaws.com,PutEventSelectors,us-east-1,103.157.149.85,"Mozilla/5.0 (Windows NT 10.0; Win64; x64) AppleWebKit/537.36 (KHTML, like Gecko) Chrome/123.0.0.0 Safari/537.36",,"[{""resourceType"":""AWS::CloudTrail::Trail"",""resourceName"":""management-events""},{""resourceType"":""AWS::CloudTrail::Trail"",""resourceName"":""arn:aws:cloudtrail:us-east-1:590184126119:trail/management-events""}]",f4f192b4-f271-413f-a501-e3f6f521872a,37479653-5cf6-47dd-8942-e0215c53c60e,false,AwsApiCall,590184126119,Management
root,ASIAYS2NXC2T36F5TF2D,2024-04-16T08:59:42Z,cloudtrail.amazonaws.com,StartLogging,us-east-1,103.157.149.85,"Mozilla/5.0 (Windows NT 10.0; Win64; x64) AppleWebKit/537.36 (KHTML, like Gecko) Chrome/123.0.0.0 Safari/537.36",,"[{""resourceType"":""AWS::CloudTrail::Trail"",""resourceName"":""arn:aws:cloudtrail:us-east-1:590184126119:trail/management-events""}]",5f3487f2-79b3-41e1-be6b-e1095eaaa065,8238995b-8321-487e-befa-a8198be90375,false,AwsApiCall,590184126119,Management
root,ASIAYS2NXC2T36F5TF2D,2024-04-16T08:59:41Z,cloudtrail.amazonaws.com,CreateTrail,us-east-1,103.157.149.85,"Mozilla/5.0 (Windows NT 10.0; Win64; x64) AppleWebKit/537.36 (KHTML, like Gecko) Chrome/123.0.0.0 Safari/537.36",,"[{""resourceType"":""AWS::CloudTrail::Trail"",""resourceName"":""management-events""},{""resourceType"":""AWS::CloudTrail::Trail"",""resourceName"":""arn:aws:cloudtrail:us-east-1:590184126119:trail/management-events""},{""resourceType"":""AWS::S3::Bucket"",""resourceName"":""aws-cloudtrail-logs-590184126119-0bd58755""}]",1dc2dc85-ecae-4418-9f27-37b5bbb2bda9,3c6a29a5-9ba3-4300-b415-d942c52eb758,false,AwsApiCall,590184126119,Management
root,ASIAYS2NXC2T36F5TF2D,2024-04-16T08:59:41Z,s3.amazonaws.com,PutBucketEncryption,us-east-1,103.157.149.85,"[Mozilla/5.0 (Windows NT 10.0; Win64; x64) AppleWebKit/537.36 (KHTML, like Gecko) Chrome/123.0.0.0 Safari/537.36]",,"[{""resourceType"":""AWS::S3::Bucket"",""resourceName"":""aws-cloudtrail-logs-590184126119-0bd58755""}]",S3P9GWJTYNVF4T11,424392cb-704a-469c-bf2d-6b01d474407c,false,AwsApiCall,590184126119,Management
root,ASIAYS2NXC2T36F5TF2D,2024-04-16T08:59:40Z,s3.amazonaws.com,PutBucketPolicy,us-east-1,103.157.149.85,"[Mozilla/5.0 (Windows NT 10.0; Win64; x64) AppleWebKit/537.36 (KHTML, like Gecko) Chrome/123.0.0.0 Safari/537.36]",,"[{""resourceType"":""AWS::S3::Bucket"",""resourceName"":""aws-cloudtrail-logs-590184126119-0bd58755""}]",45SVN1RBCGJAZZ14,286bdc54-08e3-404e-8232-d9fbac71e151,false,AwsApiCall,590184126119,Management
root,ASIAYS2NXC2T36F5TF2D,2024-04-16T08:59:39Z,s3.amazonaws.com,CreateBucket,us-east-1,103.157.149.85,"[Mozilla/5.0 (Windows NT 10.0; Win64; x64) AppleWebKit/537.36 (KHTML, like Gecko) Chrome/123.0.0.0 Safari/537.36]",,"[{""resourceType"":""AWS::S3::Bucket"",""resourceName"":""aws-cloudtrail-logs-590184126119-0bd58755""}]",WY6V5M8E5BH53YJA,c8b409dd-d191-46ff-a7e3-7094902c2769,false,AwsApiCall,590184126119,Management
root,ASIAYS2NXC2TYCE6YC7U,2024-04-16T07:17:38Z,iam.amazonaws.com,DetachUserPolicy,us-east-1,103.157.149.85,AWS Internal,,"[{""resourceType"":""AWS::IAM::User"",""resourceName"":""user2""},{""resourceType"":""AWS::IAM::Policy"",""resourceName"":""arn:aws:iam::590184126119:policy/Denys3""}]",1c40d0ff-dba7-482f-a7a6-3f37779e90a7,d79c2481-4bd1-47cf-8546-bf9130267414,false,AwsApiCall,590184126119,Management
root,,2024-04-16T07:14:13Z,signin.amazonaws.com,ConsoleLogin,us-east-1,103.157.149.85,"Mozilla/5.0 (Windows NT 10.0; Win64; x64) AppleWebKit/537.36 (KHTML, like Gecko) Chrome/123.0.0.0 Safari/537.36",,[],,0a953e60-20f5-44e4-a7c4-51e5271a1820,false,AwsConsoleSignIn,590184126119,Management
user2,ASIAYS2NXC2TYSTAYFOT,2024-04-16T06:56:43Z,iam.amazonaws.com,ChangePassword,us-east-1,AWS Internal,AWS Internal,,[],a78133c3-554f-4fb1-a768-10e3295550f9,5c10715c-f6ff-4b92-bec7-5c844f9b118b,false,AwsApiCall,590184126119,Management
user2,,2024-04-16T06:56:07Z,signin.amazonaws.com,ConsoleLogin,us-east-1,103.157.149.85,"Mozilla/5.0 (Windows NT 10.0; Win64; x64) AppleWebKit/537.36 (KHTML, like Gecko) Chrome/123.0.0.0 Safari/537.36",,[],,dce38a70-7aab-4e3c-a911-6fb562436c2e,false,AwsConsoleSignIn,590184126119,Management
root,ASIAYS2NXC2TW3AL6UUS,2024-04-16T06:50:44Z,iam.amazonaws.com,AttachUserPolicy,us-east-1,103.157.149.85,AWS Internal,,"[{""resourceType"":""AWS::IAM::User"",""resourceName"":""user2""},{""resourceType"":""AWS::IAM::Policy"",""resourceName"":""arn:aws:iam::590184126119:policy/Denys3""}]",91af658d-200b-421b-8437-a1479591dcd2,562d9087-699f-48c0-98d4-762c4f04a059,false,AwsApiCall,590184126119,Management
root,ASIAYS2NXC2TW3AL6UUS,2024-04-16T06:50:44Z,iam.amazonaws.com,AttachUserPolicy,us-east-1,103.157.149.85,AWS Internal,,"[{""resourceType"":""AWS::IAM::User"",""resourceName"":""user2""},{""resourceType"":""AWS::IAM::Policy"",""resourceName"":""arn:aws:iam::aws:policy/AdministratorAccess""}]",e704e797-ea78-429e-9da2-58584954e26a,5d2eae2f-6ba9-45af-98ee-03aea1903d4d,false,AwsApiCall,590184126119,Management
root,ASIAYS2NXC2TW3AL6UUS,2024-04-16T06:50:44Z,iam.amazonaws.com,AttachUserPolicy,us-east-1,103.157.149.85,AWS Internal,,"[{""resourceType"":""AWS::IAM::User"",""resourceName"":""user2""},{""resourceType"":""AWS::IAM::Policy"",""resourceName"":""arn:aws:iam::aws:policy/AmazonS3FullAccess""}]",1d4e6a55-7c8f-4f09-b55d-889516bdb9c3,a9b98542-6436-400a-a198-2ccb84a5a8c2,false,AwsApiCall,590184126119,Management
root,,2024-04-16T05:39:54Z,signin.amazonaws.com,ConsoleLogin,us-east-1,103.157.149.85,"Mozilla/5.0 (Windows NT 10.0; Win64; x64) AppleWebKit/537.36 (KHTML, like Gecko) Chrome/123.0.0.0 Safari/537.36",,[],,764082cd-7690-4e9d-83e3-73b561e432f7,false,AwsConsoleSignIn,590184126119,Management
root,ASIAYS2NXC2TY7CFXPF4,2024-04-15T15:16:12Z,iam.amazonaws.com,CreateLoginProfile,us-east-1,103.81.77.88,AWS Internal,,"[{""resourceType"":""AWS::IAM::User"",""resourceName"":""user2""}]",1c8b0262-14e5-4785-95f3-11446f4fc34f,21cb4bec-54fa-4c0c-8f67-8a17570af3ee,false,AwsApiCall,590184126119,Management
root,ASIAYS2NXC2TY7CFXPF4,2024-04-15T15:16:12Z,iam.amazonaws.com,CreateUser,us-east-1,103.81.77.88,AWS Internal,,"[{""resourceType"":""AWS::IAM::User"",""resourceName"":""AIDAYS2NXC2TRZMFAJFUX""},{""resourceType"":""AWS::IAM::User"",""resourceName"":""user2""},{""resourceType"":""AWS::IAM::User"",""resourceName"":""arn:aws:iam::590184126119:user/user2""}]",50cf08f5-dc56-49df-bd2c-0d0246933f58,3b958043-dc99-46fa-86b0-f107328b8929,false,AwsApiCall,590184126119,Management
root,ASIAYS2NXC2TY7CFXPF4,2024-04-15T15:16:12Z,iam.amazonaws.com,AddUserToGroup,us-east-1,103.81.77.88,AWS Internal,,"[{""resourceType"":""AWS::IAM::User"",""resourceName"":""user2""},{""resourceType"":""AWS::IAM::Group"",""resourceName"":""usergroup""}]",9ea886b0-b6a9-417a-93bc-a76a8a92e23e,7b1ffb6d-9272-4d24-bf16-6cd48a7a8534,false,AwsApiCall,590184126119,Management
root,ASIAYS2NXC2TY7CFXPF4,2024-04-15T15:15:58Z,iam.amazonaws.com,CreateGroup,us-east-1,103.81.77.88,AWS Internal,,"[{""resourceType"":""AWS::IAM::Group"",""resourceName"":""arn:aws:iam::590184126119:group/usergroup""},{""resourceType"":""AWS::IAM::Group"",""resourceName"":""AGPAYS2NXC2T4YKLW6TMS""},{""resourceType"":""AWS::IAM::Group"",""resourceName"":""usergroup""}]",49c6e932-16c3-49a9-a393-75678a7a748d,1cbc0084-b623-4d22-8da5-19b1cda558eb,false,AwsApiCall,590184126119,Management
root,ASIAYS2NXC2TY7CFXPF4,2024-04-15T15:15:58Z,iam.amazonaws.com,AttachGroupPolicy,us-east-1,103.81.77.88,AWS Internal,,"[{""resourceType"":""AWS::IAM::Policy"",""resourceName"":""arn:aws:iam::aws:policy/AdministratorAccess""},{""resourceType"":""AWS::IAM::Group"",""resourceName"":""usergroup""}]",2d8d639b-a6e3-4508-abcd-72e07f0ff95c,e268ca0c-95a9-4cfc-ae39-c1f3a902bd5f,false,AwsApiCall,590184126119,Management
root,ASIAYS2NXC2TY7CFXPF4,2024-04-15T15:12:57Z,iam.amazonaws.com,DetachUserPolicy,us-east-1,103.81.77.88,AWS Internal,,"[{""resourceType"":""AWS::IAM::User"",""resourceName"":""user1""},{""resourceType"":""AWS::IAM::Policy"",""resourceName"":""arn:aws:iam::aws:policy/AdministratorAccess""}]",d40c58dc-47a0-48ee-8108-865758deac46,1abf4cd3-f79b-48c3-b4c7-b3d1c806ae7b,false,AwsApiCall,590184126119,Management
root,ASIAYS2NXC2TY7CFXPF4,2024-04-15T15:12:57Z,iam.amazonaws.com,DeleteUser,us-east-1,103.81.77.88,AWS Internal,,"[{""resourceType"":""AWS::IAM::User"",""resourceName"":""user1""}]",48c09e09-7dca-4cf9-9e50-2b87c0a09135,1ed77075-9d46-4bd7-9e0e-df8e01c2f1eb,false,AwsApiCall,590184126119,Management
root,ASIAYS2NXC2TY7CFXPF4,2024-04-15T15:12:57Z,iam.amazonaws.com,DetachUserPolicy,us-east-1,103.81.77.88,AWS Internal,,"[{""resourceType"":""AWS::IAM::User"",""resourceName"":""user1""},{""resourceType"":""AWS::IAM::Policy"",""resourceName"":""arn:aws:iam::590184126119:policy/Denys3""}]",2cf052e8-1c5c-48a8-8ce5-4ad408751f61,7bc6059e-e3b8-442b-a4cd-e0b8e0aafef9,false,AwsApiCall,590184126119,Management
root,ASIAYS2NXC2TY7CFXPF4,2024-04-15T15:12:54Z,iam.amazonaws.com,DeleteLoginProfile,us-east-1,103.81.77.88,AWS Internal,,"[{""resourceType"":""AWS::IAM::User"",""resourceName"":""user1""}]",758f8626-7a87-4684-8409-0be4beb61b6d,98734222-fe5b-437e-935f-46661fcab264,false,AwsApiCall,590184126119,Management
root,ASIAYS2NXC2TY7CFXPF4,2024-04-15T15:11:05Z,iam.amazonaws.com,DetachUserPolicy,us-east-1,103.81.77.88,AWS Internal,,"[{""resourceType"":""AWS::IAM::User"",""resourceName"":""user2""},{""resourceType"":""AWS::IAM::Policy"",""resourceName"":""arn:aws:iam::aws:policy/AdministratorAccess""}]",29a3eb85-a50f-4394-bf09-5b22e8b16dc3,43d37938-a071-4594-8205-9618ec256e1f,false,AwsApiCall,590184126119,Management
root,ASIAYS2NXC2TY7CFXPF4,2024-04-15T15:11:05Z,iam.amazonaws.com,DeleteUser,us-east-1,103.81.77.88,AWS Internal,,"[{""resourceType"":""AWS::IAM::User"",""resourceName"":""user2""}]",b5fa2c1c-d42f-4dc3-8439-9ea4d7667b93,4c5f73fa-6bfa-4b71-b829-4349e2659afb,false,AwsApiCall,590184126119,Management
root,ASIAYS2NXC2TY7CFXPF4,2024-04-15T15:07:39Z,iam.amazonaws.com,AttachUserPolicy,us-east-1,103.81.77.88,AWS Internal,,"[{""resourceType"":""AWS::IAM::User"",""resourceName"":""user2""},{""resourceType"":""AWS::IAM::Policy"",""resourceName"":""arn:aws:iam::aws:policy/AdministratorAccess""}]",7b8774e7-2ee6-467e-8cd5-92b283809244,3d888f3b-18f4-4ab4-bb95-760c92b54d81,false,AwsApiCall,590184126119,Management
root,ASIAYS2NXC2TY7CFXPF4,2024-04-15T15:07:39Z,iam.amazonaws.com,CreateUser,us-east-1,103.81.77.88,AWS Internal,,"[{""resourceType"":""AWS::IAM::User"",""resourceName"":""user2""},{""resourceType"":""AWS::IAM::User"",""resourceName"":""AIDAYS2NXC2TXQUX7AW25""},{""resourceType"":""AWS::IAM::User"",""resourceName"":""arn:aws:iam::590184126119:user/user2""}]",a19f8aa0-b8a0-445b-a6ca-b18dcca8de30,b8a08957-55ec-4261-afe8-f6b0e14f14fd,false,AwsApiCall,590184126119,Management
root,ASIAYS2NXC2TY7CFXPF4,2024-04-15T15:04:29Z,iam.amazonaws.com,DeleteGroup,us-east-1,103.81.77.88,AWS Internal,,"[{""resourceType"":""AWS::IAM::Group"",""resourceName"":""usergroup""}]",55906661-03ea-4e6c-ad1e-1721b70fa010,61c32bfb-3223-43bf-9a5f-d042b4ccc887,false,AwsApiCall,590184126119,Management
root,ASIAYS2NXC2TY7CFXPF4,2024-04-15T15:04:28Z,iam.amazonaws.com,DetachGroupPolicy,us-east-1,103.81.77.88,AWS Internal,,"[{""resourceType"":""AWS::IAM::Policy"",""resourceName"":""arn:aws:iam::aws:policy/AdministratorAccess""},{""resourceType"":""AWS::IAM::Group"",""resourceName"":""usergroup""}]",0b150781-4a4d-4463-aa22-06f10adf3545,34db68c5-fddb-4978-a034-dadf67a45f7d,false,AwsApiCall,590184126119,Management
root,ASIAYS2NXC2TY7CFXPF4,2024-04-15T15:04:02Z,iam.amazonaws.com,DeleteUser,us-east-1,103.81.77.88,AWS Internal,,"[{""resourceType"":""AWS::IAM::User"",""resourceName"":""user2""}]",627f9b0c-1288-49cf-a328-ac5bb49bb66a,0b5bcd02-4060-4f0a-a1c8-3aaca5b7d689,false,AwsApiCall,590184126119,Management
root,ASIAYS2NXC2TY7CFXPF4,2024-04-15T15:04:01Z,iam.amazonaws.com,RemoveUserFromGroup,us-east-1,103.81.77.88,AWS Internal,,"[{""resourceType"":""AWS::IAM::User"",""resourceName"":""user2""},{""resourceType"":""AWS::IAM::Group"",""resourceName"":""usergroup""}]",8a68cbdd-e530-4c5a-a7ba-d56007461715,869db704-7cf4-4fc1-8cc8-5ba6a43fd8aa,false,AwsApiCall,590184126119,Management
root,ASIAYS2NXC2TY7CFXPF4,2024-04-15T15:03:59Z,iam.amazonaws.com,DeleteLoginProfile,us-east-1,103.81.77.88,AWS Internal,,"[{""resourceType"":""AWS::IAM::User"",""resourceName"":""user2""}]",2cb06fc4-689b-4012-b00b-d89d4b7e7221,51acdb85-54f5-4e9f-8727-ba047c6a4e54,false,AwsApiCall,590184126119,Management
root,ASIAYS2NXC2TY7CFXPF4,2024-04-15T14:46:23Z,iam.amazonaws.com,CreateLoginProfile,us-east-1,103.81.77.88,AWS Internal,,"[{""resourceType"":""AWS::IAM::User"",""resourceName"":""user2""}]",80538d38-2357-4cd3-bb4f-bf647e857451,2a36b24c-db9b-419e-b3f0-e6e293ed6b92,false,AwsApiCall,590184126119,Management
root,ASIAYS2NXC2TY7CFXPF4,2024-04-15T14:46:22Z,iam.amazonaws.com,CreateUser,us-east-1,103.81.77.88,AWS Internal,,"[{""resourceType"":""AWS::IAM::User"",""resourceName"":""user2""},{""resourceType"":""AWS::IAM::User"",""resourceName"":""AIDAYS2NXC2TVTAPSXG7Q""},{""resourceType"":""AWS::IAM::User"",""resourceName"":""arn:aws:iam::590184126119:user/user2""}]",f65b1074-221a-4e8b-b99b-e1925f0a69a8,a486b3c3-9ef9-437b-b63b-9df34f2960ab,false,AwsApiCall,590184126119,Management
root,ASIAYS2NXC2TY7CFXPF4,2024-04-15T14:46:22Z,iam.amazonaws.com,AddUserToGroup,us-east-1,103.81.77.88,AWS Internal,,"[{""resourceType"":""AWS::IAM::User"",""resourceName"":""user2""},{""resourceType"":""AWS::IAM::Group"",""resourceName"":""usergroup""}]",87897225-3b63-449e-a9d6-93f63bbb3d07,da44cf7e-3942-4f57-80bf-0da87fcdb98f,false,AwsApiCall,590184126119,Management
root,ASIAYS2NXC2TY7CFXPF4,2024-04-15T14:46:11Z,iam.amazonaws.com,CreateGroup,us-east-1,103.81.77.88,AWS Internal,,"[{""resourceType"":""AWS::IAM::Group"",""resourceName"":""arn:aws:iam::590184126119:group/usergroup""},{""resourceType"":""AWS::IAM::Group"",""resourceName"":""AGPAYS2NXC2T6Q6G65Z2V""},{""resourceType"":""AWS::IAM::Group"",""resourceName"":""usergroup""}]",1556da0c-3991-46ea-811c-a4f9ee36da5d,4a2e6414-f3a7-46ea-9325-2f68d3ed2703,false,AwsApiCall,590184126119,Management
root,ASIAYS2NXC2TY7CFXPF4,2024-04-15T14:46:11Z,iam.amazonaws.com,AttachGroupPolicy,us-east-1,103.81.77.88,AWS Internal,,"[{""resourceType"":""AWS::IAM::Policy"",""resourceName"":""arn:aws:iam::aws:policy/AdministratorAccess""},{""resourceType"":""AWS::IAM::Group"",""resourceName"":""usergroup""}]",6779a197-818c-45b0-9a22-4dab6413bf23,501f5abe-b192-49c5-a048-1dfe6cd8c193,false,AwsApiCall,590184126119,Management
root,ASIAYS2NXC2TY7CFXPF4,2024-04-15T14:43:59Z,iam.amazonaws.com,DeleteGroup,us-east-1,103.81.77.88,AWS Internal,,"[{""resourceType"":""AWS::IAM::Group"",""resourceName"":""usergroup""}]",10bfa06e-47c0-4521-bda6-903a247c7546,15cba0a3-752c-42f1-a28f-b24fabe8fe13,false,AwsApiCall,590184126119,Management
root,ASIAYS2NXC2TY7CFXPF4,2024-04-15T14:43:58Z,iam.amazonaws.com,DetachGroupPolicy,us-east-1,103.81.77.88,AWS Internal,,"[{""resourceType"":""AWS::IAM::Policy"",""resourceName"":""arn:aws:iam::aws:policy/AdministratorAccess""},{""resourceType"":""AWS::IAM::Group"",""resourceName"":""usergroup""}]",780b9480-b879-494b-8b10-e1ddcc2b596a,fcf9dce8-59f7-469e-811b-3d0aa2d3f968,false,AwsApiCall,590184126119,Management
root,ASIAYS2NXC2TY7CFXPF4,2024-04-15T14:43:10Z,iam.amazonaws.com,AttachGroupPolicy,us-east-1,103.81.77.88,AWS Internal,,"[{""resourceType"":""AWS::IAM::Policy"",""resourceName"":""arn:aws:iam::aws:policy/AdministratorAccess""},{""resourceType"":""AWS::IAM::Group"",""resourceName"":""usergroup""}]",07fd8edf-ce1a-486a-bcd2-7c0d47399080,04b764e0-31fc-4156-97e4-1320f4952a51,false,AwsApiCall,590184126119,Management
root,ASIAYS2NXC2TY7CFXPF4,2024-04-15T14:43:10Z,iam.amazonaws.com,CreateGroup,us-east-1,103.81.77.88,AWS Internal,,"[{""resourceType"":""AWS::IAM::Group"",""resourceName"":""AGPAYS2NXC2TYIEH4UAI2""},{""resourceType"":""AWS::IAM::Group"",""resourceName"":""arn:aws:iam::590184126119:group/usergroup""},{""resourceType"":""AWS::IAM::Group"",""resourceName"":""usergroup""}]",1d9275c4-045f-42db-bf74-5bbef12c2b65,727767d4-76ef-447f-83b7-91535f4e6f67,false,AwsApiCall,590184126119,Management
root,ASIAYS2NXC2TY7CFXPF4,2024-04-15T14:41:40Z,iam.amazonaws.com,DeleteUser,us-east-1,103.81.77.88,AWS Internal,,"[{""resourceType"":""AWS::IAM::User"",""resourceName"":""user2""}]",ceb52753-3e04-416a-8d97-0addc714d802,a9cf8f2a-2634-469c-85e7-cac6132f1368,false,AwsApiCall,590184126119,Management
root,ASIAYS2NXC2TY7CFXPF4,2024-04-15T14:41:37Z,iam.amazonaws.com,DeleteLoginProfile,us-east-1,103.81.77.88,AWS Internal,,"[{""resourceType"":""AWS::IAM::User"",""resourceName"":""user2""}]",35120376-072f-4d8b-9bc5-de35cab28789,0a089d74-5060-4774-bf9d-ad08fa20b632,false,AwsApiCall,590184126119,Management
root,ASIAYS2NXC2TY7CFXPF4,2024-04-15T14:40:15Z,iam.amazonaws.com,DeleteGroup,us-east-1,103.81.77.88,AWS Internal,,"[{""resourceType"":""AWS::IAM::Group"",""resourceName"":""usergroup""}]",fab64b39-678c-4dfb-a799-f7bd80bb089a,1a6cb6b1-f405-4aad-8587-5b842e5814c9,false,AwsApiCall,590184126119,Management
root,ASIAYS2NXC2TY7CFXPF4,2024-04-15T14:40:15Z,iam.amazonaws.com,DetachGroupPolicy,us-east-1,103.81.77.88,AWS Internal,,"[{""resourceType"":""AWS::IAM::Policy"",""resourceName"":""arn:aws:iam::aws:policy/AdministratorAccess""},{""resourceType"":""AWS::IAM::Group"",""resourceName"":""usergroup""}]",750d152e-cc82-4360-8601-7a7b15a3fa6e,8b420cab-8c61-4ca4-9208-ee1e1c7a209b,false,AwsApiCall,590184126119,Management
root,ASIAYS2NXC2TY7CFXPF4,2024-04-15T14:40:14Z,iam.amazonaws.com,RemoveUserFromGroup,us-east-1,103.81.77.88,AWS Internal,,"[{""resourceType"":""AWS::IAM::User"",""resourceName"":""user2""},{""resourceType"":""AWS::IAM::Group"",""resourceName"":""usergroup""}]",84c5a344-39f7-4380-9137-0413d984f9a3,014eb50b-f909-4d51-941c-5ad088f8ec5b,false,AwsApiCall,590184126119,Management
root,ASIAYS2NXC2TY7CFXPF4,2024-04-15T14:38:43Z,iam.amazonaws.com,CreateUser,us-east-1,103.81.77.88,AWS Internal,,"[{""resourceType"":""AWS::IAM::User"",""resourceName"":""user2""},{""resourceType"":""AWS::IAM::User"",""resourceName"":""AIDAYS2NXC2TT2VSWFVV5""},{""resourceType"":""AWS::IAM::User"",""resourceName"":""arn:aws:iam::590184126119:user/user2""}]",e9d3ed54-9fd0-44d6-8a49-60fe83911f86,1deb0605-72b7-469a-a282-a235364d70ad,false,AwsApiCall,590184126119,Management
root,ASIAYS2NXC2TY7CFXPF4,2024-04-15T14:38:43Z,iam.amazonaws.com,CreateLoginProfile,us-east-1,103.81.77.88,AWS Internal,,"[{""resourceType"":""AWS::IAM::User"",""resourceName"":""user2""}]",e1144a0b-39d3-40e3-ab66-74a42a901244,89370596-9229-48da-9b69-35005fd705ed,false,AwsApiCall,590184126119,Management
root,ASIAYS2NXC2TY7CFXPF4,2024-04-15T14:38:43Z,iam.amazonaws.com,AddUserToGroup,us-east-1,103.81.77.88,AWS Internal,,"[{""resourceType"":""AWS::IAM::User"",""resourceName"":""user2""},{""resourceType"":""AWS::IAM::Group"",""resourceName"":""usergroup""}]",d432483e-40da-4cd0-ab66-f5623ff09a4e,94e64d74-d99c-487e-9d44-464ed452a492,false,AwsApiCall,590184126119,Management
root,ASIAYS2NXC2TY7CFXPF4,2024-04-15T14:38:24Z,iam.amazonaws.com,AttachGroupPolicy,us-east-1,103.81.77.88,AWS Internal,,"[{""resourceType"":""AWS::IAM::Policy"",""resourceName"":""arn:aws:iam::aws:policy/AdministratorAccess""},{""resourceType"":""AWS::IAM::Group"",""resourceName"":""usergroup""}]",894404ad-91de-4ad4-ae35-5c650b087523,8085c6ca-cd64-496d-a124-70c1e0a1d4c4,false,AwsApiCall,590184126119,Management
root,ASIAYS2NXC2TY7CFXPF4,2024-04-15T14:38:23Z,iam.amazonaws.com,CreateGroup,us-east-1,103.81.77.88,AWS Internal,,"[{""resourceType"":""AWS::IAM::Group"",""resourceName"":""arn:aws:iam::590184126119:group/usergroup""},{""resourceType"":""AWS::IAM::Group"",""resourceName"":""AGPAYS2NXC2TREY3VHRM3""},{""resourceType"":""AWS::IAM::Group"",""resourceName"":""usergroup""}]",530d31c5-3317-4640-af7b-3e90027c38ed,641510e7-0941-4331-9961-428411e1fdf9,false,AwsApiCall,590184126119,Management
root,,2024-04-15T14:35:58Z,signin.amazonaws.com,ConsoleLogin,us-east-1,103.81.77.88,"Mozilla/5.0 (Windows NT 10.0; Win64; x64) AppleWebKit/537.36 (KHTML, like Gecko) Chrome/123.0.0.0 Safari/537.36",,[],,c5b1fd74-6cd4-4769-9a72-54610aa071c9,false,AwsConsoleSignIn,590184126119,Management
user1,ASIAYS2NXC2TYMARS4DQ,2024-04-15T11:14:19Z,iam.amazonaws.com,ChangePassword,us-east-1,AWS Internal,AWS Internal,,[],4024fcc0-654e-4f13-ab5b-c0d0db36cb54,d4b45828-0021-4e36-bf0a-0e9039f19083,false,AwsApiCall,590184126119,Management
user1,,2024-04-15T11:13:57Z,signin.amazonaws.com,ConsoleLogin,us-east-1,103.81.77.88,"Mozilla/5.0 (Windows NT 10.0; Win64; x64) AppleWebKit/537.36 (KHTML, like Gecko) Chrome/123.0.0.0 Safari/537.36",,[],,b125ddbc-1e1a-4b49-9629-70004e81a6b2,false,AwsConsoleSignIn,590184126119,Management
root,ASIAYS2NXC2TS72T3NVT,2024-04-15T11:12:25Z,iam.amazonaws.com,CreateLoginProfile,us-east-1,103.81.77.88,AWS Internal,,"[{""resourceType"":""AWS::IAM::User"",""resourceName"":""user1""}]",3024c536-4753-4a4c-9d2f-7e7c225b1e14,6fe50c16-c992-4648-b51f-875c590ed88b,false,AwsApiCall,590184126119,Management
root,ASIAYS2NXC2TS72T3NVT,2024-04-15T11:12:25Z,iam.amazonaws.com,AttachUserPolicy,us-east-1,103.81.77.88,AWS Internal,,"[{""resourceType"":""AWS::IAM::User"",""resourceName"":""user1""},{""resourceType"":""AWS::IAM::Policy"",""resourceName"":""arn:aws:iam::590184126119:policy/Denys3""}]",6f4ee71e-626e-47fe-a2bf-4c25e25e6911,8ffa0027-746f-4fa9-b2e5-cf797b1c23e3,false,AwsApiCall,590184126119,Management
root,ASIAYS2NXC2TS72T3NVT,2024-04-15T11:12:24Z,iam.amazonaws.com,CreateUser,us-east-1,103.81.77.88,AWS Internal,,"[{""resourceType"":""AWS::IAM::User"",""resourceName"":""AIDAYS2NXC2TY7KVVBZ7H""},{""resourceType"":""AWS::IAM::User"",""resourceName"":""user1""},{""resourceType"":""AWS::IAM::User"",""resourceName"":""arn:aws:iam::590184126119:user/user1""}]",fb2244ef-29b9-441c-b8cb-ace7b78f5c28,c3fe18c4-d026-4810-8765-fc095b3c4582,false,AwsApiCall,590184126119,Management
root,ASIAYS2NXC2TS72T3NVT,2024-04-15T11:12:24Z,iam.amazonaws.com,AttachUserPolicy,us-east-1,103.81.77.88,AWS Internal,,"[{""resourceType"":""AWS::IAM::User"",""resourceName"":""user1""},{""resourceType"":""AWS::IAM::Policy"",""resourceName"":""arn:aws:iam::aws:policy/AdministratorAccess""}]",83610f3c-8642-4de4-9923-94079fa15120,cfb3b72a-4e85-42a3-b07a-76d801be9030,false,AwsApiCall,590184126119,Management
root,ASIAYS2NXC2TS72T3NVT,2024-04-15T11:11:12Z,iam.amazonaws.com,DeleteUser,us-east-1,103.81.77.88,AWS Internal,,"[{""resourceType"":""AWS::IAM::User"",""resourceName"":""user3""}]",bc708d66-4a71-45ba-82da-c7e9a4e0f8aa,b94cc8ed-01e7-4e7e-944a-6855b3f6494e,false,AwsApiCall,590184126119,Management
root,ASIAYS2NXC2TS72T3NVT,2024-04-15T11:11:11Z,iam.amazonaws.com,DetachUserPolicy,us-east-1,103.81.77.88,AWS Internal,,"[{""resourceType"":""AWS::IAM::User"",""resourceName"":""user3""},{""resourceType"":""AWS::IAM::Policy"",""resourceName"":""arn:aws:iam::aws:policy/AdministratorAccess""}]",7f92fc55-bba5-4d28-b116-a6e87553b699,60e67e8c-8db4-48e6-a617-8584e0980989,false,AwsApiCall,590184126119,Management
root,ASIAYS2NXC2TS72T3NVT,2024-04-15T11:11:11Z,iam.amazonaws.com,DetachUserPolicy,us-east-1,103.81.77.88,AWS Internal,,"[{""resourceType"":""AWS::IAM::User"",""resourceName"":""user3""},{""resourceType"":""AWS::IAM::Policy"",""resourceName"":""arn:aws:iam::590184126119:policy/Denys3""}]",5c86a893-6f6c-4d59-8b3c-5c8a100eb454,eb1683a1-80af-4fa4-a96d-45f01d730a5e,false,AwsApiCall,590184126119,Management
root,ASIAYS2NXC2TS72T3NVT,2024-04-15T11:11:09Z,iam.amazonaws.com,DeleteLoginProfile,us-east-1,103.81.77.88,AWS Internal,,"[{""resourceType"":""AWS::IAM::User"",""resourceName"":""user3""}]",2d673e46-b6f4-4a43-ac79-aeb997e0300e,b00650e3-6c4c-415a-9d84-2d59d8fa245b,false,AwsApiCall,590184126119,Management
root,,2024-04-15T11:10:28Z,signin.amazonaws.com,ConsoleLogin,us-east-1,103.81.77.88,"Mozilla/5.0 (Windows NT 10.0; Win64; x64) AppleWebKit/537.36 (KHTML, like Gecko) Chrome/123.0.0.0 Safari/537.36",,[],,1da19ae9-4827-4cd7-b5b9-7b17d40727e8,false,AwsConsoleSignIn,590184126119,Management
user3,,2024-04-15T11:10:12Z,signin.amazonaws.com,ConsoleLogin,us-east-1,103.81.77.88,"Mozilla/5.0 (Windows NT 10.0; Win64; x64) AppleWebKit/537.36 (KHTML, like Gecko) Chrome/123.0.0.0 Safari/537.36",,[],,b31041c9-9cc5-446e-885b-5435b9eb8b2e,false,AwsConsoleSignIn,590184126119,Management
user3,,2024-04-15T11:09:45Z,signin.amazonaws.com,ConsoleLogin,us-east-1,103.81.77.88,"Mozilla/5.0 (Windows NT 10.0; Win64; x64) AppleWebKit/537.36 (KHTML, like Gecko) Chrome/123.0.0.0 Safari/537.36",,[],,27e516f2-9de6-4568-b2d4-9e50640955a7,false,AwsConsoleSignIn,590184126119,Management
root,ASIAYS2NXC2T3PW5EB6S,2024-04-15T11:02:26Z,q.amazonaws.com,StartConversation,us-east-1,103.81.77.88,"Mozilla/5.0 (Windows NT 10.0; Win64; x64) AppleWebKit/537.36 (KHTML, like Gecko) Chrome/123.0.0.0 Safari/537.36",,[],474e9aea-a7ca-4841-a2e3-6f0615894f9d,500e023b-8ad6-4fb0-a753-15263bf7be1d,false,AwsApiCall,590184126119,Management
root,ASIAYS2NXC2T5XECYCRF,2024-04-15T11:01:15Z,iam.amazonaws.com,CreateLoginProfile,us-east-1,103.81.77.88,AWS Internal,,"[{""resourceType"":""AWS::IAM::User"",""resourceName"":""user3""}]",9ef10be2-00f7-4786-a6be-c26fee18b507,58c65c8b-7278-40de-ae4a-81ae1ecc09ce,false,AwsApiCall,590184126119,Management
root,ASIAYS2NXC2T5XECYCRF,2024-04-15T11:01:15Z,iam.amazonaws.com,AttachUserPolicy,us-east-1,103.81.77.88,AWS Internal,,"[{""resourceType"":""AWS::IAM::User"",""resourceName"":""user3""},{""resourceType"":""AWS::IAM::Policy"",""resourceName"":""arn:aws:iam::590184126119:policy/Denys3""}]",4b958b68-ca0b-437f-9e47-9af252e845b6,5b722e6a-82ce-4f14-b70e-110369114d9f,false,AwsApiCall,590184126119,Management
root,ASIAYS2NXC2T5XECYCRF,2024-04-15T11:01:15Z,iam.amazonaws.com,AttachUserPolicy,us-east-1,103.81.77.88,AWS Internal,,"[{""resourceType"":""AWS::IAM::User"",""resourceName"":""user3""},{""resourceType"":""AWS::IAM::Policy"",""resourceName"":""arn:aws:iam::aws:policy/AdministratorAccess""}]",3f4557b6-dd1d-4772-ae80-0a189f35aec1,b22dae85-6a62-4a27-9cb0-8784d1fcdb77,false,AwsApiCall,590184126119,Management
root,ASIAYS2NXC2T5XECYCRF,2024-04-15T11:01:15Z,iam.amazonaws.com,CreateUser,us-east-1,103.81.77.88,AWS Internal,,"[{""resourceType"":""AWS::IAM::User"",""resourceName"":""user3""},{""resourceType"":""AWS::IAM::User"",""resourceName"":""AIDAYS2NXC2TZOSNEJBSE""},{""resourceType"":""AWS::IAM::User"",""resourceName"":""arn:aws:iam::590184126119:user/user3""}]",e7d8ffdf-a667-4f48-a7f5-65bc2ea96119,f9e3744c-ca6a-4c35-a78d-083e10d21ad6,false,AwsApiCall,590184126119,Management
root,ASIAYS2NXC2TRQ4WSNEM,2024-04-15T10:54:30Z,q.amazonaws.com,StartConversation,us-east-1,103.81.77.88,"Mozilla/5.0 (Windows NT 10.0; Win64; x64) AppleWebKit/537.36 (KHTML, like Gecko) Chrome/123.0.0.0 Safari/537.36",,[],abcdef3c-5939-4810-9c0f-e2c7f07e87e4,49669a6b-f66d-4bf1-b5e8-8732f4a8bda7,false,AwsApiCall,590184126119,Management
root,ASIAYS2NXC2TRQ4WSNEM,2024-04-15T10:54:06Z,q.amazonaws.com,StartConversation,us-east-1,103.81.77.88,"Mozilla/5.0 (Windows NT 10.0; Win64; x64) AppleWebKit/537.36 (KHTML, like Gecko) Chrome/123.0.0.0 Safari/537.36",,[],b9b72aa7-c7c4-4b62-9650-1a49b1cea664,e9ffdcb9-216b-475f-b75e-4d852bd5ca98,false,AwsApiCall,590184126119,Management
root,ASIAYS2NXC2TRQ4WSNEM,2024-04-15T10:53:40Z,q.amazonaws.com,StartConversation,us-east-1,103.81.77.88,"Mozilla/5.0 (Windows NT 10.0; Win64; x64) AppleWebKit/537.36 (KHTML, like Gecko) Chrome/123.0.0.0 Safari/537.36",,[],a4f3fd19-8680-4a98-a175-c7a63c646f32,0ce7b1a8-59cb-40ba-a9d0-b3a34f63bdb8,false,AwsApiCall,590184126119,Management
root,ASIAYS2NXC2T5XECYCRF,2024-04-15T09:24:08Z,iam.amazonaws.com,DeleteUser,us-east-1,103.81.77.88,AWS Internal,,"[{""resourceType"":""AWS::IAM::User"",""resourceName"":""user3""}]",b26a8cd0-4e35-4465-b985-714097864a33,2ee95235-10e2-487e-ae62-4cf6f4cd8260,false,AwsApiCall,590184126119,Management
root,ASIAYS2NXC2T5XECYCRF,2024-04-15T09:24:07Z,iam.amazonaws.com,DetachUserPolicy,us-east-1,103.81.77.88,AWS Internal,,"[{""resourceType"":""AWS::IAM::User"",""resourceName"":""user3""},{""resourceType"":""AWS::IAM::Policy"",""resourceName"":""arn:aws:iam::590184126119:policy/allowonlyec2ands3""}]",3c40b302-4dae-4694-9cfb-aa31c219869c,7d3fc6e6-7dcf-4285-98ab-0a361d40d2ea,false,AwsApiCall,590184126119,Management
root,ASIAYS2NXC2T5XECYCRF,2024-04-15T09:24:07Z,iam.amazonaws.com,DetachUserPolicy,us-east-1,103.81.77.88,AWS Internal,,"[{""resourceType"":""AWS::IAM::User"",""resourceName"":""user3""},{""resourceType"":""AWS::IAM::Policy"",""resourceName"":""arn:aws:iam::590184126119:policy/Denys3""}]",1af64338-6413-49db-a32e-a32e005b6951,c07a5ebd-626c-48c9-b975-e8937147587e,false,AwsApiCall,590184126119,Management
root,ASIAYS2NXC2T5XECYCRF,2024-04-15T09:24:04Z,iam.amazonaws.com,DeleteLoginProfile,us-east-1,103.81.77.88,AWS Internal,,"[{""resourceType"":""AWS::IAM::User"",""resourceName"":""user3""}]",aa41c589-6c92-48d2-84cf-4597577dfbb0,665a2296-e7d3-46ea-ba04-03ec27f95b49,false,AwsApiCall,590184126119,Management
root,ASIAYS2NXC2T5XECYCRF,2024-04-15T09:23:50Z,iam.amazonaws.com,DeleteUser,us-east-1,103.81.77.88,AWS Internal,,"[{""resourceType"":""AWS::IAM::User"",""resourceName"":""ec2user""}]",038c63e5-c40a-4729-b829-7bca8fed6bd8,35098a9c-5ceb-42a0-b1ed-df7c9fc1714d,false,AwsApiCall,590184126119,Management
root,ASIAYS2NXC2T5XECYCRF,2024-04-15T09:23:49Z,iam.amazonaws.com,DetachUserPolicy,us-east-1,103.81.77.88,AWS Internal,,"[{""resourceType"":""AWS::IAM::User"",""resourceName"":""ec2user""},{""resourceType"":""AWS::IAM::Policy"",""resourceName"":""arn:aws:iam::aws:policy/IAMUserChangePassword""}]",75eb37a1-4d8a-4f19-8c90-4509bd7558be,0e329118-7a1d-4d03-8012-f4c8e256a4ad,false,AwsApiCall,590184126119,Management
root,ASIAYS2NXC2T5XECYCRF,2024-04-15T09:23:49Z,iam.amazonaws.com,DetachUserPolicy,us-east-1,103.81.77.88,AWS Internal,,"[{""resourceType"":""AWS::IAM::User"",""resourceName"":""ec2user""},{""resourceType"":""AWS::IAM::Policy"",""resourceName"":""arn:aws:iam::aws:policy/AmazonEC2FullAccess""}]",32628696-c958-47ad-bc04-d9342dae5e15,9e457f22-8481-4865-ba30-c46bf26c11a0,false,AwsApiCall,590184126119,Management
root,ASIAYS2NXC2T5XECYCRF,2024-04-15T09:23:46Z,iam.amazonaws.com,DeleteLoginProfile,us-east-1,103.81.77.88,AWS Internal,,"[{""resourceType"":""AWS::IAM::User"",""resourceName"":""ec2user""}]",6212bd09-2dcc-4443-9b83-aa9b2fc6bdaa,333f8de1-3c65-401b-8b11-d758bdc24f9d,false,AwsApiCall,590184126119,Management
root,,2024-04-15T09:21:21Z,signin.amazonaws.com,ConsoleLogin,us-east-1,103.81.77.88,"Mozilla/5.0 (Windows NT 10.0; Win64; x64) AppleWebKit/537.36 (KHTML, like Gecko) Chrome/123.0.0.0 Safari/537.36",,[],,b16d5aa8-94a1-4e52-9518-6ebc3d5768bd,false,AwsConsoleSignIn,590184126119,Management
user3,,2024-04-15T09:20:12Z,signin.amazonaws.com,ConsoleLogin,us-east-1,103.81.77.88,"Mozilla/5.0 (Windows NT 10.0; Win64; x64) AppleWebKit/537.36 (KHTML, like Gecko) Chrome/123.0.0.0 Safari/537.36",,[],,1e0b202c-57e8-47c5-ae94-310c8a4743fd,false,AwsConsoleSignIn,590184126119,Management
user3,,2024-04-15T09:18:50Z,signin.amazonaws.com,ConsoleLogin,us-east-1,103.81.77.88,"Mozilla/5.0 (Windows NT 10.0; Win64; x64) AppleWebKit/537.36 (KHTML, like Gecko) Chrome/123.0.0.0 Safari/537.36",,[],,36345df0-8d0f-44c0-9ee6-d37cc9d45f5f,false,AwsConsoleSignIn,590184126119,Management
user3,,2024-04-15T09:18:39Z,signin.amazonaws.com,ConsoleLogin,us-east-1,103.81.77.88,"Mozilla/5.0 (Windows NT 10.0; Win64; x64) AppleWebKit/537.36 (KHTML, like Gecko) Chrome/123.0.0.0 Safari/537.36",,[],,792f50c8-5b47-4042-ab01-e41f1ebe2150,false,AwsConsoleSignIn,590184126119,Management
user3,,2024-04-15T09:18:08Z,signin.amazonaws.com,ConsoleLogin,us-east-1,103.81.77.88,"Mozilla/5.0 (Windows NT 10.0; Win64; x64) AppleWebKit/537.36 (KHTML, like Gecko) Chrome/123.0.0.0 Safari/537.36",,[],,51997ada-eb8a-4fea-92a5-dbda32774e39,false,AwsConsoleSignIn,590184126119,Management
user3,,2024-04-15T09:18:02Z,signin.amazonaws.com,ConsoleLogin,us-east-1,103.81.77.88,"Mozilla/5.0 (Windows NT 10.0; Win64; x64) AppleWebKit/537.36 (KHTML, like Gecko) Chrome/123.0.0.0 Safari/537.36",,[],,9e1b8976-d3b7-49ec-ad25-ae4fcd145333,false,AwsConsoleSignIn,590184126119,Management
root,ASIAYS2NXC2TXLQKN4MK,2024-04-15T09:14:47Z,iam.amazonaws.com,CreateLoginProfile,us-east-1,103.81.77.88,AWS Internal,,"[{""resourceType"":""AWS::IAM::User"",""resourceName"":""user3""}]",f27139b4-9a8e-4784-9f6c-9df12dbe667f,b7389aaf-c786-4415-a5ff-8f9dfc319991,false,AwsApiCall,590184126119,Management
root,ASIAYS2NXC2TXLQKN4MK,2024-04-15T09:14:47Z,iam.amazonaws.com,AttachUserPolicy,us-east-1,103.81.77.88,AWS Internal,,"[{""resourceType"":""AWS::IAM::User"",""resourceName"":""user3""},{""resourceType"":""AWS::IAM::Policy"",""resourceName"":""arn:aws:iam::590184126119:policy/Denys3""}]",feadaf96-9041-49ad-aafd-c5c2d1f71c69,c21f524b-338c-46aa-9117-e1e16c1e1fe6,false,AwsApiCall,590184126119,Management
root,ASIAYS2NXC2TXLQKN4MK,2024-04-15T09:14:47Z,iam.amazonaws.com,AttachUserPolicy,us-east-1,103.81.77.88,AWS Internal,,"[{""resourceType"":""AWS::IAM::User"",""resourceName"":""user3""},{""resourceType"":""AWS::IAM::Policy"",""resourceName"":""arn:aws:iam::590184126119:policy/allowonlyec2ands3""}]",7dee5c15-da4b-43d3-8e14-2179040e9bbc,e643cd02-c251-41e3-9850-f2fbdd6736d8,false,AwsApiCall,590184126119,Management
root,ASIAYS2NXC2TXLQKN4MK,2024-04-15T09:14:46Z,iam.amazonaws.com,CreateUser,us-east-1,103.81.77.88,AWS Internal,,"[{""resourceType"":""AWS::IAM::User"",""resourceName"":""user3""},{""resourceType"":""AWS::IAM::User"",""resourceName"":""AIDAYS2NXC2TY3VR7WVEY""},{""resourceType"":""AWS::IAM::User"",""resourceName"":""arn:aws:iam::590184126119:user/user3""}]",75aa2675-c8d1-4148-8bf0-6aeaa84a1d58,91bc58ee-6f34-4bbb-9f9b-491146799efe,false,AwsApiCall,590184126119,Management
root,ASIAYS2NXC2TXLQKN4MK,2024-04-15T09:09:16Z,iam.amazonaws.com,CreatePolicy,us-east-1,103.81.77.88,AWS Internal,,"[{""resourceType"":""AWS::IAM::Policy"",""resourceName"":""arn:aws:iam::590184126119:policy/Denys3""},{""resourceType"":""AWS::IAM::Policy"",""resourceName"":""ANPAYS2NXC2T4BKM6RO2O""},{""resourceType"":""AWS::IAM::Policy"",""resourceName"":""Denys3""}]",a02f1ae1-bbdd-471b-bd09-dfc6524f5b90,7975fbcc-04fa-4884-9f64-679b89dd7a44,false,AwsApiCall,590184126119,Management
root,ASIAYS2NXC2TXLQKN4MK,2024-04-15T09:02:58Z,iam.amazonaws.com,CreatePolicy,us-east-1,103.81.77.88,AWS Internal,,"[{""resourceType"":""AWS::IAM::Policy"",""resourceName"":""arn:aws:iam::590184126119:policy/allowonlyec2ands3""},{""resourceType"":""AWS::IAM::Policy"",""resourceName"":""allowonlyec2ands3""},{""resourceType"":""AWS::IAM::Policy"",""resourceName"":""ANPAYS2NXC2T5QX26VSLS""}]",ed1f8ba7-e554-4618-8ccb-d3d0168ce5fc,b6f0db25-5324-45da-a621-84ae03b26876,false,AwsApiCall,590184126119,Management
root,,2024-04-15T08:05:30Z,signin.amazonaws.com,ConsoleLogin,us-east-1,103.81.77.88,"Mozilla/5.0 (Windows NT 10.0; Win64; x64) AppleWebKit/537.36 (KHTML, like Gecko) Chrome/123.0.0.0 Safari/537.36",,[],,30024973-3ce5-4fe7-aa80-bee2a74b4358,false,AwsConsoleSignIn,590184126119,Management
i-0046bd7f77f396210,ASIAYS2NXC2T33HKL5GZ,2024-04-15T04:06:56Z,ssm.amazonaws.com,RegisterManagedInstance,us-east-1,54.234.118.2,aws-sdk-go/1.44.260 (go1.20.12; linux; amd64) amazon-ssm-agent/,,[],b7b0d90a-2655-4d67-8772-ea9337c68423,f091e56f-e7f5-4e24-83e7-54ce55d7cc2d,false,AwsApiCall,590184126119,Management
,,2024-04-15T04:06:26Z,ec2.amazonaws.com,SharedSnapshotVolumeCreated,us-east-1,ec2.amazonaws.com,ec2.amazonaws.com,,[],,fe3ec0e2-cda4-3b03-a433-6c36795b9c2e,false,AwsServiceEvent,590184126119,Management
ec2user,ASIAYS2NXC2TQNCRMFUG,2024-04-15T04:06:24Z,ec2.amazonaws.com,RunInstances,us-east-1,103.81.77.88,"Mozilla/5.0 (Windows NT 10.0; Win64; x64) AppleWebKit/537.36 (KHTML, like Gecko) Chrome/123.0.0.0 Safari/537.36",,"[{""resourceType"":""AWS::EC2::VPC"",""resourceName"":""vpc-0ce3dd698b8133165""},{""resourceType"":""AWS::EC2::Ami"",""resourceName"":""ami-051f8a213df8bc089""},{""resourceType"":""AWS::EC2::NetworkInterface"",""resourceName"":""eni-01fdf35e803ecec35""},{""resourceType"":""AWS::EC2::Instance"",""resourceName"":""i-0046bd7f77f396210""},{""resourceType"":""AWS::EC2::SecurityGroup"",""resourceName"":""sg-0917ec483e4adc37b""},{""resourceType"":""AWS::EC2::SecurityGroup"",""resourceName"":""launch-wizard-1""},{""resourceType"":""AWS::EC2::Subnet"",""resourceName"":""subnet-0177ef447a1cb78b1""}]",6d4023e3-a6cf-4b43-817e-bd26f771545f,55aa3008-b839-4137-9b28-42c4c0247560,false,AwsApiCall,590184126119,Management
ec2user,ASIAYS2NXC2TQNCRMFUG,2024-04-15T04:06:21Z,ec2.amazonaws.com,CreateSecurityGroup,us-east-1,103.81.77.88,"Mozilla/5.0 (Windows NT 10.0; Win64; x64) AppleWebKit/537.36 (KHTML, like Gecko) Chrome/123.0.0.0 Safari/537.36",,"[{""resourceType"":""AWS::EC2::VPC"",""resourceName"":""vpc-0ce3dd698b8133165""},{""resourceType"":""AWS::EC2::SecurityGroup"",""resourceName"":""sg-0917ec483e4adc37b""},{""resourceType"":""AWS::EC2::SecurityGroup"",""resourceName"":""launch-wizard-1""}]",d004f5e3-6a82-43d6-a4dc-3ed7134c354a,b3f1270a-78f1-4f4a-954d-72bad7c7cdb0,false,AwsApiCall,590184126119,Management
ec2user,ASIAYS2NXC2TQNCRMFUG,2024-04-15T04:06:21Z,ec2.amazonaws.com,AuthorizeSecurityGroupIngress,us-east-1,103.81.77.88,"Mozilla/5.0 (Windows NT 10.0; Win64; x64) AppleWebKit/537.36 (KHTML, like Gecko) Chrome/123.0.0.0 Safari/537.36",,"[{""resourceType"":""AWS::EC2::SecurityGroup"",""resourceName"":""sg-0917ec483e4adc37b""}]",70689a71-d546-4fec-a48b-7a7d20ced769,da47ad88-ce08-43a5-b037-9c1d6db3d49d,false,AwsApiCall,590184126119,Management
ec2user,ASIAYS2NXC2TQNCRMFUG,2024-04-15T04:06:06Z,ec2.amazonaws.com,CreateKeyPair,us-east-1,103.81.77.88,"Mozilla/5.0 (Windows NT 10.0; Win64; x64) AppleWebKit/537.36 (KHTML, like Gecko) Chrome/123.0.0.0 Safari/537.36",Client.MissingParameter,[],c0191008-2e0b-4d53-a078-4c88813ff078,dc04c6a3-acc1-4e27-9735-e24c9daa91a6,false,AwsApiCall,590184126119,Management
,,2024-04-15T04:05:34Z,ec2.amazonaws.com,AutomatedDefaultVpcCreation,us-east-1,ec2.amazonaws.com,ec2.amazonaws.com,,[],8404cc55-a615-39d1-95e6-c036d569f848,0ebda73e-9127-45b7-adf7-9b791bd78e8b,false,AwsServiceEvent,590184126119,Management
,,2024-04-15T04:05:34Z,ec2.amazonaws.com,AutomatedDefaultVpcCreation,us-east-1,ec2.amazonaws.com,ec2.amazonaws.com,,[],a871824e-54a5-3706-92cf-510c982b99bd,8aae0984-967c-443c-a7c7-aa33ae893114,false,AwsServiceEvent,590184126119,Management
ec2user,ASIAYS2NXC2TQNL6HY76,2024-04-15T04:04:59Z,iam.amazonaws.com,ChangePassword,us-east-1,AWS Internal,AWS Internal,,[],f2b2a289-e529-4bda-a5be-c2ae51f05cd1,cd10a0e7-c69b-4328-ab3e-a00d4bd01283,false,AwsApiCall,590184126119,Management
SystemUser,ASIAYS2NXC2TT52L6PX7,2024-04-13T07:45:06Z,iam.amazonaws.com,ChangePassword,us-east-1,AWS Internal,AWS Internal,,[],71456d18-420e-4e6a-b398-bd2c6c14687b,00baaae2-269b-4627-a252-2ddfcb5c6eef,false,AwsApiCall,590184126119,Management
root,ASIAYS2NXC2T2EBLKCX3,2024-04-13T07:33:44Z,iam.amazonaws.com,CreateAccountAlias,us-east-1,103.99.8.186,AWS Internal,EntityAlreadyExistsException,"[{""resourceType"":""AWS::IAM::AccountAlias"",""resourceName"":""harish""}]",44ca090b-9f74-4961-82ef-1dca8475abc0,e4fb27e0-f18a-4913-8bb6-0fd1307ba8b7,false,AwsApiCall,590184126119,Management
root,ASIAYS2NXC2T2EBLKCX3,2024-04-13T07:19:13Z,iam.amazonaws.com,UpdateAccountPasswordPolicy,us-east-1,103.99.8.186,AWS Internal,,[],b02e197f-acc4-446a-b8c0-981fe4352488,0af7eaf8-c105-4be4-948f-d0f01dcf2772,false,AwsApiCall,590184126119,Management
root,ASIAYS2NXC2T2EBLKCX3,2024-04-13T07:02:16Z,iam.amazonaws.com,AttachUserPolicy,us-east-1,103.99.8.186,AWS Internal,,"[{""resourceType"":""AWS::IAM::User"",""resourceName"":""rajeshuser""},{""resourceType"":""AWS::IAM::Policy"",""resourceName"":""arn:aws:iam::aws:policy/AdministratorAccess""}]",bd4aea5f-9bb5-4d86-8152-66632f7eac9c,2342b98d-8af8-4460-b25f-4cc14a464c5a,false,AwsApiCall,590184126119,Management
root,ASIAYS2NXC2T2EBLKCX3,2024-04-13T07:02:16Z,iam.amazonaws.com,AttachUserPolicy,us-east-1,103.99.8.186,AWS Internal,,"[{""resourceType"":""AWS::IAM::User"",""resourceName"":""rajeshuser""},{""resourceType"":""AWS::IAM::Policy"",""resourceName"":""arn:aws:iam::aws:policy/IAMUserChangePassword""}]",4abff522-3380-40bd-a1a9-9a0e41888779,5d0ee776-5ac6-42a0-a0ef-ac4b7f9e1ad2,false,AwsApiCall,590184126119,Management
root,ASIAYS2NXC2T2EBLKCX3,2024-04-13T07:02:16Z,iam.amazonaws.com,CreateLoginProfile,us-east-1,103.99.8.186,AWS Internal,,"[{""resourceType"":""AWS::IAM::User"",""resourceName"":""rajeshuser""}]",be9d1216-2f6f-41ae-afae-8abd9ddba047,9cb73097-27f8-48c6-a2af-0901eed29f61,false,AwsApiCall,590184126119,Management
root,ASIAYS2NXC2T2EBLKCX3,2024-04-13T07:02:16Z,iam.amazonaws.com,CreateUser,us-east-1,103.99.8.186,AWS Internal,,"[{""resourceType"":""AWS::IAM::User"",""resourceName"":""AIDAYS2NXC2T7QSXW3ORH""},{""resourceType"":""AWS::IAM::User"",""resourceName"":""arn:aws:iam::590184126119:user/rajeshuser""},{""resourceType"":""AWS::IAM::User"",""resourceName"":""rajeshuser""}]",e6443507-2782-40a3-9a22-bfdd6c9fd111,a9fc11e1-8e1a-49e6-9d77-eeccaa2837a4,false,AwsApiCall,590184126119,Management
root,ASIAYS2NXC2T2EBLKCX3,2024-04-13T06:58:40Z,iam.amazonaws.com,CreateLoginProfile,us-east-1,103.99.8.186,AWS Internal,,"[{""resourceType"":""AWS::IAM::User"",""resourceName"":""ec2user""}]",2878dd1e-f371-4b31-afd6-060fcc4727c4,059f5449-4966-429f-922e-0b2c99c64e69,false,AwsApiCall,590184126119,Management
root,ASIAYS2NXC2T2EBLKCX3,2024-04-13T06:58:40Z,iam.amazonaws.com,CreateUser,us-east-1,103.99.8.186,AWS Internal,,"[{""resourceType"":""AWS::IAM::User"",""resourceName"":""ec2user""},{""resourceType"":""AWS::IAM::User"",""resourceName"":""arn:aws:iam::590184126119:user/ec2user""},{""resourceType"":""AWS::IAM::User"",""resourceName"":""AIDAYS2NXC2T45DMXKKH2""}]",c2d3eb88-2c27-4380-9456-4e59b79d7d5a,56eb24e9-cde4-4088-844a-791400841e99,false,AwsApiCall,590184126119,Management
root,ASIAYS2NXC2T2EBLKCX3,2024-04-13T06:58:40Z,iam.amazonaws.com,AttachUserPolicy,us-east-1,103.99.8.186,AWS Internal,,"[{""resourceType"":""AWS::IAM::User"",""resourceName"":""ec2user""},{""resourceType"":""AWS::IAM::Policy"",""resourceName"":""arn:aws:iam::aws:policy/AmazonEC2FullAccess""}]",3e9790e6-0a7a-49e6-a9bb-5c4e498ea96d,66638f5b-900b-47a3-9b45-9181159f08b5,false,AwsApiCall,590184126119,Management
root,ASIAYS2NXC2T2EBLKCX3,2024-04-13T06:58:40Z,iam.amazonaws.com,AttachUserPolicy,us-east-1,103.99.8.186,AWS Internal,,"[{""resourceType"":""AWS::IAM::User"",""resourceName"":""ec2user""},{""resourceType"":""AWS::IAM::Policy"",""resourceName"":""arn:aws:iam::aws:policy/IAMUserChangePassword""}]",bdc75b05-a199-4b63-96b5-a28f350c7b51,fe04447a-6b55-4905-9ed6-d54f43725ac3,false,AwsApiCall,590184126119,Management
root,ASIAYS2NXC2T2EBLKCX3,2024-04-13T06:56:18Z,iam.amazonaws.com,CreateLoginProfile,us-east-1,103.99.8.186,AWS Internal,,"[{""resourceType"":""AWS::IAM::User"",""resourceName"":""SystemUser""}]",4b9437d3-f5a2-43cb-8abc-856ae9d422c3,099abafb-6399-4176-a2cb-12701588bee0,false,AwsApiCall,590184126119,Management
root,ASIAYS2NXC2T2EBLKCX3,2024-04-13T06:56:18Z,iam.amazonaws.com,AddUserToGroup,us-east-1,103.99.8.186,AWS Internal,,"[{""resourceType"":""AWS::IAM::User"",""resourceName"":""SystemUser""},{""resourceType"":""AWS::IAM::Group"",""resourceName"":""s3admin""}]",a12771e5-f54f-4539-9d44-79be04ef9939,4d5658fc-3d98-41ec-8e98-8194d754d0e8,false,AwsApiCall,590184126119,Management
root,ASIAYS2NXC2T2EBLKCX3,2024-04-13T06:56:18Z,iam.amazonaws.com,AttachUserPolicy,us-east-1,103.99.8.186,AWS Internal,,"[{""resourceType"":""AWS::IAM::User"",""resourceName"":""SystemUser""},{""resourceType"":""AWS::IAM::Policy"",""resourceName"":""arn:aws:iam::aws:policy/IAMUserChangePassword""}]",39a9268e-c875-43f2-a1e7-246de0f61a3e,61db5e47-727a-4efe-942f-b23f029c9bab,false,AwsApiCall,590184126119,Management
root,ASIAYS2NXC2T2EBLKCX3,2024-04-13T06:56:18Z,iam.amazonaws.com,CreateUser,us-east-1,103.99.8.186,AWS Internal,,"[{""resourceType"":""AWS::IAM::User"",""resourceName"":""arn:aws:iam::590184126119:user/SystemUser""},{""resourceType"":""AWS::IAM::User"",""resourceName"":""SystemUser""},{""resourceType"":""AWS::IAM::User"",""resourceName"":""AIDAYS2NXC2T73NG5NWXN""}]",c6796674-8178-4533-b271-0132f21bfb82,d6896b9e-abe8-42df-a534-8e511795354c,false,AwsApiCall,590184126119,Management
root,ASIAYS2NXC2T2EBLKCX3,2024-04-13T06:55:57Z,iam.amazonaws.com,AttachGroupPolicy,us-east-1,103.99.8.186,AWS Internal,,"[{""resourceType"":""AWS::IAM::Policy"",""resourceName"":""arn:aws:iam::aws:policy/AmazonS3FullAccess""},{""resourceType"":""AWS::IAM::Group"",""resourceName"":""s3admin""}]",20e4918b-31db-4ab8-9f54-e66e40768104,26c13c59-8702-4a0c-b73e-530353fa10a3,false,AwsApiCall,590184126119,Management
root,ASIAYS2NXC2T2EBLKCX3,2024-04-13T06:55:56Z,iam.amazonaws.com,CreateGroup,us-east-1,103.99.8.186,AWS Internal,,"[{""resourceType"":""AWS::IAM::Group"",""resourceName"":""s3admin""},{""resourceType"":""AWS::IAM::Group"",""resourceName"":""arn:aws:iam::590184126119:group/s3admin""},{""resourceType"":""AWS::IAM::Group"",""resourceName"":""AGPAYS2NXC2T2ZT77MJQH""}]",16a79c13-b4ad-4708-8d48-ef2824eca2b0,edb15550-da39-4610-af39-8167865eade8,false,AwsApiCall,590184126119,Management
root,ASIAYS2NXC2T4N474TA4,2024-04-13T06:45:20Z,cloudshell.amazonaws.com,PutCredentials,us-east-1,103.99.8.186,"Mozilla/5.0 (Windows NT 10.0; Win64; x64) AppleWebKit/537.36 (KHTML, like Gecko) Chrome/123.0.0.0 Safari/537.36",,[],73ceccd4-fafd-4286-80f1-f4d4a5e29958,85b0a69e-df48-4de3-9769-46f30e562d86,false,AwsApiCall,590184126119,Management
root,ASIAYS2NXC2T4N474TA4,2024-04-13T06:44:53Z,cloudshell.amazonaws.com,DeleteSession,us-east-1,103.99.8.186,"Mozilla/5.0 (Windows NT 10.0; Win64; x64) AppleWebKit/537.36 (KHTML, like Gecko) Chrome/123.0.0.0 Safari/537.36",,[],bf3f905e-0f22-41cc-8da3-0b85b92d79b5,e8d10dc4-6b8c-4684-8ff9-3839b14e39b6,false,AwsApiCall,590184126119,Management
root,ASIAYS2NXC2TQ6ROUBET,2024-04-13T06:38:21Z,cloudshell.amazonaws.com,PutCredentials,us-east-1,103.99.8.186,"Mozilla/5.0 (Windows NT 10.0; Win64; x64) AppleWebKit/537.36 (KHTML, like Gecko) Chrome/123.0.0.0 Safari/537.36",,[],e6e47fbe-965b-4509-8cb5-c90c31283fdb,47a8f111-99cf-4c2e-8e50-c00b6d8d962a,false,AwsApiCall,590184126119,Management
root,ASIAYS2NXC2T2EBLKCX3,2024-04-13T06:36:39Z,iam.amazonaws.com,DeleteGroup,us-east-1,103.99.8.186,AWS Internal,,"[{""resourceType"":""AWS::IAM::Group"",""resourceName"":""S3admin""}]",9577fb1f-abdb-4194-b4ae-74aa25058c15,24cf6cf7-c752-4518-b23f-3ea9f839aef0,false,AwsApiCall,590184126119,Management
root,ASIAYS2NXC2T2EBLKCX3,2024-04-13T06:36:38Z,iam.amazonaws.com,DetachGroupPolicy,us-east-1,103.99.8.186,AWS Internal,,"[{""resourceType"":""AWS::IAM::Policy"",""resourceName"":""arn:aws:iam::aws:policy/AmazonS3FullAccess""},{""resourceType"":""AWS::IAM::Group"",""resourceName"":""S3admin""}]",e09f77bf-97d2-45ba-9311-ec0a320d6c53,5f8fbe6e-f8f7-4900-ae5f-57093d7e6d50,false,AwsApiCall,590184126119,Management
root,ASIAYS2NXC2T2EBLKCX3,2024-04-13T06:34:24Z,iam.amazonaws.com,DeleteUser,us-east-1,103.99.8.186,AWS Internal,,"[{""resourceType"":""AWS::IAM::User"",""resourceName"":""System5""}]",1e23e6e3-bda5-4b49-9e15-62ba83b214b2,79c0c291-3874-47f9-88f4-39ae6d20ec58,false,AwsApiCall,590184126119,Management
root,ASIAYS2NXC2T2EBLKCX3,2024-04-13T06:34:24Z,iam.amazonaws.com,RemoveUserFromGroup,us-east-1,103.99.8.186,AWS Internal,,"[{""resourceType"":""AWS::IAM::User"",""resourceName"":""System5""},{""resourceType"":""AWS::IAM::Group"",""resourceName"":""S3admin""}]",95ba7a72-5e33-4875-9f14-aaf8c65d4938,8877fb6f-1694-45fc-9275-445b5754206a,false,AwsApiCall,590184126119,Management
root,ASIAYS2NXC2T2EBLKCX3,2024-04-13T06:34:23Z,iam.amazonaws.com,DetachUserPolicy,us-east-1,103.99.8.186,AWS Internal,,"[{""resourceType"":""AWS::IAM::User"",""resourceName"":""System5""},{""resourceType"":""AWS::IAM::Policy"",""resourceName"":""arn:aws:iam::aws:policy/IAMUserChangePassword""}]",76f30899-d735-4a47-9c0c-5cde67c8558e,22ff2b06-3b8e-4a00-8350-a1a631e303d0,false,AwsApiCall,590184126119,Management
root,ASIAYS2NXC2T2EBLKCX3,2024-04-13T06:34:21Z,iam.amazonaws.com,DeleteLoginProfile,us-east-1,103.99.8.186,AWS Internal,,"[{""resourceType"":""AWS::IAM::User"",""resourceName"":""System5""}]",239ff0b0-2543-4741-a01d-843634ac39b2,62cb8829-918d-4eca-b512-19285fbbf011,false,AwsApiCall,590184126119,Management
root,ASIAYS2NXC2TYYLSQ3WS,2024-04-13T06:31:21Z,cloudshell.amazonaws.com,PutCredentials,us-east-1,103.99.8.186,"Mozilla/5.0 (Windows NT 10.0; Win64; x64) AppleWebKit/537.36 (KHTML, like Gecko) Chrome/123.0.0.0 Safari/537.36",,[],9b0b8992-2044-46c2-bf11-40190214048b,522a0344-f60f-4d92-8875-a18c36c2adcf,false,AwsApiCall,590184126119,Management
root,ASIAYS2NXC2TX2RJYRWK,2024-04-13T06:24:21Z,cloudshell.amazonaws.com,PutCredentials,us-east-1,103.99.8.186,"Mozilla/5.0 (Windows NT 10.0; Win64; x64) AppleWebKit/537.36 (KHTML, like Gecko) Chrome/123.0.0.0 Safari/537.36",,[],373524d5-37b5-467d-895a-53f4df8b1049,4e53626e-dbe9-4eb9-b002-0da56adaaa2f,false,AwsApiCall,590184126119,Management
root,ASIAYS2NXC2TX2RJYRWK,2024-04-13T06:24:21Z,cloudshell.amazonaws.com,UpdateLayout,us-east-1,103.99.8.186,"Mozilla/5.0 (Windows NT 10.0; Win64; x64) AppleWebKit/537.36 (KHTML, like Gecko) Chrome/123.0.0.0 Safari/537.36",,[],14c2c005-eff1-4107-9319-7d006e419825,989e9267-208c-4571-9a76-a6e590454335,false,AwsApiCall,590184126119,Management
root,ASIAYS2NXC2TX2RJYRWK,2024-04-13T06:24:19Z,cloudshell.amazonaws.com,CreateSession,us-east-1,103.99.8.186,"Mozilla/5.0 (Windows NT 10.0; Win64; x64) AppleWebKit/537.36 (KHTML, like Gecko) Chrome/123.0.0.0 Safari/537.36",,[],83b2f26e-a694-4ca9-bf01-567f1ba3dee8,079c7cf6-1ab5-41df-ae86-42d5ed45eb40,false,AwsApiCall,590184126119,Management
root,ASIAYS2NXC2TX2RJYRWK,2024-04-13T06:24:19Z,cloudshell.amazonaws.com,DeleteSession,us-east-1,103.99.8.186,"Mozilla/5.0 (Windows NT 10.0; Win64; x64) AppleWebKit/537.36 (KHTML, like Gecko) Chrome/123.0.0.0 Safari/537.36",,[],833e0c52-399c-474c-8fd0-679230bf581b,70fc9cc7-9605-4523-bb5b-294189455107,false,AwsApiCall,590184126119,Management
root,ASIAYS2NXC2TX2RJYRWK,2024-04-13T06:24:18Z,cloudshell.amazonaws.com,UpdateLayout,us-east-1,103.99.8.186,"Mozilla/5.0 (Windows NT 10.0; Win64; x64) AppleWebKit/537.36 (KHTML, like Gecko) Chrome/123.0.0.0 Safari/537.36",,[],51047696-f18b-4a43-96c5-bfbca947bb63,85200558-9094-4867-900b-f722750e5ed9,false,AwsApiCall,590184126119,Management
root,ASIAYS2NXC2TX2RJYRWK,2024-04-13T06:24:01Z,cloudshell.amazonaws.com,PutCredentials,us-east-1,103.99.8.186,"Mozilla/5.0 (Windows NT 10.0; Win64; x64) AppleWebKit/537.36 (KHTML, like Gecko) Chrome/123.0.0.0 Safari/537.36",,[],b0d7bb8d-318c-463a-8d57-c2fe90991bf8,35367c06-82b2-497b-b9f7-4934e6acb2f5,false,AwsApiCall,590184126119,Management
root,ASIAYS2NXC2TX2RJYRWK,2024-04-13T06:24:01Z,cloudshell.amazonaws.com,UpdateLayout,us-east-1,103.99.8.186,"Mozilla/5.0 (Windows NT 10.0; Win64; x64) AppleWebKit/537.36 (KHTML, like Gecko) Chrome/123.0.0.0 Safari/537.36",,[],f0099498-091b-440d-8651-3821696b1b44,71c42af3-0ea5-409a-921e-031ac5994198,false,AwsApiCall,590184126119,Management
root,ASIAYS2NXC2TX2RJYRWK,2024-04-13T06:23:59Z,cloudshell.amazonaws.com,CreateSession,us-east-1,103.99.8.186,"Mozilla/5.0 (Windows NT 10.0; Win64; x64) AppleWebKit/537.36 (KHTML, like Gecko) Chrome/123.0.0.0 Safari/537.36",,[],740d9801-9293-4190-abee-a3c1799eff07,80034d98-5e55-42fa-b05f-18e02e96b09d,false,AwsApiCall,590184126119,Management
root,ASIAYS2NXC2TX2RJYRWK,2024-04-13T06:23:59Z,cloudshell.amazonaws.com,DeleteSession,us-east-1,103.99.8.186,"Mozilla/5.0 (Windows NT 10.0; Win64; x64) AppleWebKit/537.36 (KHTML, like Gecko) Chrome/123.0.0.0 Safari/537.36",,[],09f0f167-2ee9-4ddb-9189-23320b218230,f7e318b3-d989-4a65-937c-957f298114ff,false,AwsApiCall,590184126119,Management
root,ASIAYS2NXC2TX2RJYRWK,2024-04-13T06:23:58Z,cloudshell.amazonaws.com,UpdateLayout,us-east-1,103.99.8.186,"Mozilla/5.0 (Windows NT 10.0; Win64; x64) AppleWebKit/537.36 (KHTML, like Gecko) Chrome/123.0.0.0 Safari/537.36",,[],b2ca3326-e07c-4663-a8be-58f0354918d0,3ad53b04-bc64-4e4a-aea8-50f50ffae377,false,AwsApiCall,590184126119,Management
root,ASIAYS2NXC2TX2RJYRWK,2024-04-13T06:22:00Z,cloudshell.amazonaws.com,UpdateLayout,us-east-1,103.99.8.186,"Mozilla/5.0 (Windows NT 10.0; Win64; x64) AppleWebKit/537.36 (KHTML, like Gecko) Chrome/123.0.0.0 Safari/537.36",,[],05a3f676-fed3-48f5-a34a-fae4bb257cd5,dacaa1c5-3847-431c-b408-965b621fe6d3,false,AwsApiCall,590184126119,Management
root,ASIAYS2NXC2TX2RJYRWK,2024-04-13T06:21:57Z,cloudshell.amazonaws.com,PutCredentials,us-east-1,103.99.8.186,"Mozilla/5.0 (Windows NT 10.0; Win64; x64) AppleWebKit/537.36 (KHTML, like Gecko) Chrome/123.0.0.0 Safari/537.36",,[],82eb4a5e-956e-4e97-9c58-44757e957f56,222302c7-e2c9-492f-9eeb-c97caf5bf8b4,false,AwsApiCall,590184126119,Management
root,ASIAYS2NXC2TX2RJYRWK,2024-04-13T06:21:57Z,cloudshell.amazonaws.com,CreateSession,us-east-1,103.99.8.186,"Mozilla/5.0 (Windows NT 10.0; Win64; x64) AppleWebKit/537.36 (KHTML, like Gecko) Chrome/123.0.0.0 Safari/537.36",,[],caa86d10-d7b9-47da-bbdb-66810f3d8415,b57c25ff-80c4-48b5-a62c-4f6da09e0beb,false,AwsApiCall,590184126119,Management
root,ASIAYS2NXC2TX2RJYRWK,2024-04-13T06:21:49Z,cloudshell.amazonaws.com,StartEnvironment,us-east-1,103.99.8.186,"Mozilla/5.0 (Windows NT 10.0; Win64; x64) AppleWebKit/537.36 (KHTML, like Gecko) Chrome/123.0.0.0 Safari/537.36",,[],c76886a2-37e9-46fc-a196-08105b724855,d626328f-3802-4b3f-8855-3ad1bd2e2e8c,false,AwsApiCall,590184126119,Management
root,ASIAYS2NXC2TX2RJYRWK,2024-04-13T06:21:47Z,cloudshell.amazonaws.com,CreateEnvironment,us-east-1,103.99.8.186,"Mozilla/5.0 (Windows NT 10.0; Win64; x64) AppleWebKit/537.36 (KHTML, like Gecko) Chrome/123.0.0.0 Safari/537.36",,[],99852dde-639d-4394-b363-dcac1f6b2c17,148f92a9-db47-4965-9a41-9219aa18e47b,false,AwsApiCall,590184126119,Management
root,ASIAYS2NXC2TX2RJYRWK,2024-04-13T06:21:47Z,cloudshell.amazonaws.com,UpdateLayout,us-east-1,103.99.8.186,"Mozilla/5.0 (Windows NT 10.0; Win64; x64) AppleWebKit/537.36 (KHTML, like Gecko) Chrome/123.0.0.0 Safari/537.36",,[],15a06fbd-3871-487f-87ad-a90d64606934,f6bc3258-383c-4ac5-a8a6-943f44d9dd85,false,AwsApiCall,590184126119,Management
root,,2024-04-13T06:20:59Z,signin.amazonaws.com,ConsoleLogin,us-east-1,103.99.8.186,"Mozilla/5.0 (Windows NT 10.0; Win64; x64) AppleWebKit/537.36 (KHTML, like Gecko) Chrome/123.0.0.0 Safari/537.36",,[],,59471e1f-05de-452c-bf4b-2476414ebe29,false,AwsConsoleSignIn,590184126119,Management
System5,ASIAYS2NXC2T6A64F5FQ,2024-04-13T05:31:54Z,iam.amazonaws.com,ChangePassword,us-east-1,AWS Internal,AWS Internal,,[],5686e704-b5aa-4a9f-be2a-ef62a1720f75,adb0a4b6-4db0-4616-a237-657806a19bbd,false,AwsApiCall,590184126119,Management
System5,,2024-04-13T05:30:14Z,signin.amazonaws.com,ConsoleLogin,us-east-1,103.99.8.186,"Mozilla/5.0 (Windows NT 10.0; Win64; x64) AppleWebKit/537.36 (KHTML, like Gecko) Chrome/123.0.0.0 Safari/537.36",,[],,cef77be2-b0f4-41f0-989c-658b3b000b21,false,AwsConsoleSignIn,590184126119,Management
HIDDEN_DUE_TO_SECURITY_REASONS,,2024-04-13T05:29:08Z,signin.amazonaws.com,ConsoleLogin,us-east-1,103.99.8.186,"Mozilla/5.0 (Windows NT 10.0; Win64; x64) AppleWebKit/537.36 (KHTML, like Gecko) Chrome/123.0.0.0 Safari/537.36",,[],,4d2a5363-ef5b-4626-b678-5e78f71934a3,false,AwsConsoleSignIn,590184126119,Management
HIDDEN_DUE_TO_SECURITY_REASONS,,2024-04-13T05:26:59Z,signin.amazonaws.com,ConsoleLogin,us-east-1,103.99.8.186,"Mozilla/5.0 (Windows NT 10.0; Win64; x64) AppleWebKit/537.36 (KHTML, like Gecko) Chrome/123.0.0.0 Safari/537.36",,[],,6dd32db5-2537-4d52-82de-17cfae31882a,false,AwsConsoleSignIn,590184126119,Management
HIDDEN_DUE_TO_SECURITY_REASONS,,2024-04-13T05:24:54Z,signin.amazonaws.com,ConsoleLogin,us-east-1,103.99.8.186,"Mozilla/5.0 (Windows NT 10.0; Win64; x64) AppleWebKit/537.36 (KHTML, like Gecko) Chrome/123.0.0.0 Safari/537.36",,[],,6fae2080-40c6-48b4-80e3-41fdd44d4afd,false,AwsConsoleSignIn,590184126119,Management
root,ASIAYS2NXC2TVYSLXGHB,2024-04-13T05:22:25Z,cloudshell.amazonaws.com,UpdateLayout,us-east-1,103.99.8.186,"Mozilla/5.0 (Windows NT 10.0; Win64; x64) AppleWebKit/537.36 (KHTML, like Gecko) Chrome/123.0.0.0 Safari/537.36",,[],452d7e36-f0b7-4b1b-87bf-1c64bda58dee,26b21a77-a800-47be-9604-f33c00d07f7a,false,AwsApiCall,590184126119,Management
root,ASIAYS2NXC2TVYSLXGHB,2024-04-13T05:22:24Z,cloudshell.amazonaws.com,PutCredentials,us-east-1,103.99.8.186,"Mozilla/5.0 (Windows NT 10.0; Win64; x64) AppleWebKit/537.36 (KHTML, like Gecko) Chrome/123.0.0.0 Safari/537.36",,[],29aae5f5-a304-4e6f-a643-b3db9725c8f6,f23dcba1-9bd6-44d1-a4d9-a3b2ca5006da,false,AwsApiCall,590184126119,Management
root,ASIAYS2NXC2TVYSLXGHB,2024-04-13T05:22:22Z,cloudshell.amazonaws.com,CreateSession,us-east-1,103.99.8.186,"Mozilla/5.0 (Windows NT 10.0; Win64; x64) AppleWebKit/537.36 (KHTML, like Gecko) Chrome/123.0.0.0 Safari/537.36",,[],d4bb78bd-2dd6-4c26-b2a9-95e9c73d61ac,19a8eac7-1393-4695-af8e-227eb4688a59,false,AwsApiCall,590184126119,Management
root,ASIAYS2NXC2TVYSLXGHB,2024-04-13T05:22:22Z,cloudshell.amazonaws.com,DeleteSession,us-east-1,103.99.8.186,"Mozilla/5.0 (Windows NT 10.0; Win64; x64) AppleWebKit/537.36 (KHTML, like Gecko) Chrome/123.0.0.0 Safari/537.36",,[],68156684-9f51-4666-9d25-d5e807b25d15,b8488967-b1c2-43cb-a3b6-b3957dfb5fe5,false,AwsApiCall,590184126119,Management
root,ASIAYS2NXC2TVYSLXGHB,2024-04-13T05:22:21Z,cloudshell.amazonaws.com,UpdateLayout,us-east-1,103.99.8.186,"Mozilla/5.0 (Windows NT 10.0; Win64; x64) AppleWebKit/537.36 (KHTML, like Gecko) Chrome/123.0.0.0 Safari/537.36",,[],0bb8126c-8eb5-4de5-99bd-137e5f3a255c,a70aefad-d43e-47d1-b9d7-9194fdf94a4b,false,AwsApiCall,590184126119,Management
root,ASIAYS2NXC2TVYSLXGHB,2024-04-13T05:22:10Z,cloudshell.amazonaws.com,UpdateLayout,us-east-1,103.99.8.186,"Mozilla/5.0 (Windows NT 10.0; Win64; x64) AppleWebKit/537.36 (KHTML, like Gecko) Chrome/123.0.0.0 Safari/537.36",,[],9ebb0454-ccbf-4ae7-b802-69880ea5770e,9fd636d3-cef9-4aac-b99d-6f989749a71f,false,AwsApiCall,590184126119,Management
root,ASIAYS2NXC2TVYSLXGHB,2024-04-13T05:22:08Z,cloudshell.amazonaws.com,PutCredentials,us-east-1,103.99.8.186,"Mozilla/5.0 (Windows NT 10.0; Win64; x64) AppleWebKit/537.36 (KHTML, like Gecko) Chrome/123.0.0.0 Safari/537.36",,[],3b808697-86a5-4e28-b6e7-96d942bbb343,b00c07d7-4f5d-44be-8415-eaad4a131770,false,AwsApiCall,590184126119,Management
root,ASIAYS2NXC2TVYSLXGHB,2024-04-13T05:22:08Z,cloudshell.amazonaws.com,CreateSession,us-east-1,103.99.8.186,"Mozilla/5.0 (Windows NT 10.0; Win64; x64) AppleWebKit/537.36 (KHTML, like Gecko) Chrome/123.0.0.0 Safari/537.36",,[],8dd3bab2-3834-4a9d-b926-6b7e9573edc3,d770410d-2cb5-43ba-a432-32b01d1833cb,false,AwsApiCall,590184126119,Management
root,ASIAYS2NXC2TVYSLXGHB,2024-04-13T05:22:05Z,cloudshell.amazonaws.com,CreateEnvironment,us-east-1,103.99.8.186,"Mozilla/5.0 (Windows NT 10.0; Win64; x64) AppleWebKit/537.36 (KHTML, like Gecko) Chrome/123.0.0.0 Safari/537.36",,[],364bcc49-5cc8-46e6-a150-26abe1573fb5,6c947d27-fa8c-49f1-acf0-70e288b2d4f9,false,AwsApiCall,590184126119,Management
root,ASIAYS2NXC2TVYSLXGHB,2024-04-13T05:22:05Z,cloudshell.amazonaws.com,UpdateLayout,us-east-1,103.99.8.186,"Mozilla/5.0 (Windows NT 10.0; Win64; x64) AppleWebKit/537.36 (KHTML, like Gecko) Chrome/123.0.0.0 Safari/537.36",,[],01b0bc47-7ac9-4c76-a169-74443e8653f1,950e55d9-fc85-4b91-95ca-67daa27b8f86,false,AwsApiCall,590184126119,Management
root,,2024-04-13T05:21:55Z,signin.amazonaws.com,ConsoleLogin,us-east-1,103.99.8.186,"Mozilla/5.0 (Windows NT 10.0; Win64; x64) AppleWebKit/537.36 (KHTML, like Gecko) Chrome/123.0.0.0 Safari/537.36",,[],,bdd7db99-55af-4db8-8def-6fa84e7f67e2,false,AwsConsoleSignIn,590184126119,Management
root,ASIAYS2NXC2TSLJ74YWV,2024-04-13T05:20:10Z,cloudshell.amazonaws.com,CreateSession,us-east-1,103.99.8.186,"Mozilla/5.0 (Windows NT 10.0; Win64; x64) AppleWebKit/537.36 (KHTML, like Gecko) Chrome/123.0.0.0 Safari/537.36",,[],92d08b46-7d4d-4ca2-835a-1a2bbd154498,6562c800-f103-4e63-a7c4-212cbbcb67b7,false,AwsApiCall,590184126119,Management
root,ASIAYS2NXC2TSLJ74YWV,2024-04-13T05:20:00Z,cloudshell.amazonaws.com,StartEnvironment,us-east-1,103.99.8.186,"Mozilla/5.0 (Windows NT 10.0; Win64; x64) AppleWebKit/537.36 (KHTML, like Gecko) Chrome/123.0.0.0 Safari/537.36",,[],8d7b793b-df39-449c-a5b9-5e037afcee1d,6b0c77ff-f961-426d-8afa-a9ece46e64ba,false,AwsApiCall,590184126119,Management
root,ASIAYS2NXC2TSLJ74YWV,2024-04-13T05:19:58Z,cloudshell.amazonaws.com,CreateEnvironment,us-east-1,103.99.8.186,"Mozilla/5.0 (Windows NT 10.0; Win64; x64) AppleWebKit/537.36 (KHTML, like Gecko) Chrome/123.0.0.0 Safari/537.36",,[],28e6f1f6-a672-4be4-a8b8-95f1b289c583,6babecbf-04c0-40b4-b40d-6f4235bf8c5b,false,AwsApiCall,590184126119,Management
root,ASIAYS2NXC2TSLJ74YWV,2024-04-13T05:19:58Z,cloudshell.amazonaws.com,UpdateLayout,us-east-1,103.99.8.186,"Mozilla/5.0 (Windows NT 10.0; Win64; x64) AppleWebKit/537.36 (KHTML, like Gecko) Chrome/123.0.0.0 Safari/537.36",,[],9528fb4b-3285-486a-8484-17a9d6c214b7,81d51f77-48d1-4d7f-a3c8-f5e98f12064e,false,AwsApiCall,590184126119,Management
root,,2024-04-13T05:19:22Z,signin.amazonaws.com,ConsoleLogin,us-east-1,103.99.8.186,"Mozilla/5.0 (Windows NT 10.0; Win64; x64) AppleWebKit/537.36 (KHTML, like Gecko) Chrome/123.0.0.0 Safari/537.36",,[],,4a332082-5fe2-4113-a428-7b937bd6d141,false,AwsConsoleSignIn,590184126119,Management
root,ASIAYS2NXC2TSY63MC25,2024-04-12T16:58:19Z,iam.amazonaws.com,AddUserToGroup,us-east-1,103.99.9.37,AWS Internal,,"[{""resourceType"":""AWS::IAM::User"",""resourceName"":""System5""},{""resourceType"":""AWS::IAM::Group"",""resourceName"":""S3admin""}]",3ba73573-ab59-455f-8667-0bb8bc7dd31e,6c050eca-d115-40a3-b73c-324d5d9f8896,false,AwsApiCall,590184126119,Management
root,ASIAYS2NXC2TSY63MC25,2024-04-12T16:58:19Z,iam.amazonaws.com,AttachUserPolicy,us-east-1,103.99.9.37,AWS Internal,,"[{""resourceType"":""AWS::IAM::User"",""resourceName"":""System5""},{""resourceType"":""AWS::IAM::Policy"",""resourceName"":""arn:aws:iam::aws:policy/IAMUserChangePassword""}]",5a675a95-e7cf-40f8-95f4-f37329569377,d28b11dd-70b5-4a57-9b59-ba1a63580c63,false,AwsApiCall,590184126119,Management
root,ASIAYS2NXC2TSY63MC25,2024-04-12T16:58:19Z,iam.amazonaws.com,CreateLoginProfile,us-east-1,103.99.9.37,AWS Internal,,"[{""resourceType"":""AWS::IAM::User"",""resourceName"":""System5""}]",82ccf2cb-8a70-4fe6-a36b-7ccdde521113,fe54e653-1289-4c8d-b223-174cee765944,false,AwsApiCall,590184126119,Management
root,ASIAYS2NXC2TSY63MC25,2024-04-12T16:58:18Z,iam.amazonaws.com,CreateUser,us-east-1,103.99.9.37,AWS Internal,,"[{""resourceType"":""AWS::IAM::User"",""resourceName"":""arn:aws:iam::590184126119:user/System5""},{""resourceType"":""AWS::IAM::User"",""resourceName"":""AIDAYS2NXC2T4TNW5KJUW""},{""resourceType"":""AWS::IAM::User"",""resourceName"":""System5""}]",8a7293b8-55b3-4bac-9352-8a22421e57a5,5c8e356f-1b3a-41ff-9107-356846f32a64,false,AwsApiCall,590184126119,Management
root,ASIAYS2NXC2T7C5OLEWW,2024-04-12T16:49:46Z,iam.amazonaws.com,AttachGroupPolicy,us-east-1,103.157.149.199,AWS Internal,,"[{""resourceType"":""AWS::IAM::Policy"",""resourceName"":""arn:aws:iam::aws:policy/AmazonS3FullAccess""},{""resourceType"":""AWS::IAM::Group"",""resourceName"":""S3admin""}]",e3f8f579-af06-4b58-8bec-e22ccb7c69dc,c9157a23-cd55-42b7-a68b-5a92be32a0a8,false,AwsApiCall,590184126119,Management
root,ASIAYS2NXC2T7C5OLEWW,2024-04-12T16:49:45Z,iam.amazonaws.com,CreateGroup,us-east-1,103.157.149.199,AWS Internal,,"[{""resourceType"":""AWS::IAM::Group"",""resourceName"":""S3admin""},{""resourceType"":""AWS::IAM::Group"",""resourceName"":""AGPAYS2NXC2TSQELELD4O""},{""resourceType"":""AWS::IAM::Group"",""resourceName"":""arn:aws:iam::590184126119:group/S3admin""}]",34b38097-7150-4844-82f5-ece62b91e5a4,461c0a8e-9038-4efa-bef3-8491e2c3373a,false,AwsApiCall,590184126119,Management
root,ASIAYS2NXC2TTMDE6J6E,2024-04-12T16:27:32Z,cloudshell.amazonaws.com,StartEnvironment,us-east-1,103.157.149.199,"Mozilla/5.0 (Windows NT 10.0; Win64; x64) AppleWebKit/537.36 (KHTML, like Gecko) Chrome/123.0.0.0 Safari/537.36",,[],924259e6-e42e-4c79-8f3f-6ec33938520b,7f41243c-0dff-4f45-945b-35d800c8d946,false,AwsApiCall,590184126119,Management
root,ASIAYS2NXC2TTMDE6J6E,2024-04-12T16:27:30Z,cloudshell.amazonaws.com,CreateEnvironment,us-east-1,103.157.149.199,"Mozilla/5.0 (Windows NT 10.0; Win64; x64) AppleWebKit/537.36 (KHTML, like Gecko) Chrome/123.0.0.0 Safari/537.36",,[],a06e9b2d-e800-43be-a521-c7b7264329cd,70ee3529-661f-43bd-81be-e1e78eef7352,false,AwsApiCall,590184126119,Management
root,ASIAYS2NXC2TTMDE6J6E,2024-04-12T16:27:30Z,cloudshell.amazonaws.com,UpdateLayout,us-east-1,103.157.149.199,"Mozilla/5.0 (Windows NT 10.0; Win64; x64) AppleWebKit/537.36 (KHTML, like Gecko) Chrome/123.0.0.0 Safari/537.36",,[],81d24fdf-63c5-4ea1-b492-5a621d1df5f0,8729c7fc-0a64-440f-83c7-d5755b61db49,false,AwsApiCall,590184126119,Management
root,ASIAYS2NXC2TSZ4GAZHC,2024-04-12T10:21:20Z,q.amazonaws.com,StartConversation,us-east-1,103.157.149.199,"Mozilla/5.0 (Windows NT 10.0; Win64; x64) AppleWebKit/537.36 (KHTML, like Gecko) Chrome/123.0.0.0 Safari/537.36",,[],fbee779b-b85c-4503-9ce2-b03b2e37be23,e61a1d9c-731e-4654-b46d-8eee6e070da2,false,AwsApiCall,590184126119,Management
root,ASIAYS2NXC2TSZ4GAZHC,2024-04-12T10:21:17Z,q.amazonaws.com,StartConversation,us-east-1,103.157.149.199,"Mozilla/5.0 (Windows NT 10.0; Win64; x64) AppleWebKit/537.36 (KHTML, like Gecko) Chrome/123.0.0.0 Safari/537.36",,[],b720e040-ecfa-4c2d-be6b-f3a08d8d4322,47546950-6997-4275-83ce-d4cd7aaeef7b,false,AwsApiCall,590184126119,Management
root,ASIAYS2NXC2T6RXN7YY5,2024-04-12T09:35:56Z,q.amazonaws.com,StartConversation,us-east-1,103.157.149.199,"Mozilla/5.0 (Windows NT 10.0; Win64; x64) AppleWebKit/537.36 (KHTML, like Gecko) Chrome/123.0.0.0 Safari/537.36",,[],c5195ad9-bfcd-4454-b4b8-fa1aa9b144b9,1c0227f4-baf4-4095-bd62-52d3d6782b54,false,AwsApiCall,590184126119,Management
root,ASIAYS2NXC2T2KWDJSEP,2024-04-12T09:00:57Z,q.amazonaws.com,StartConversation,us-east-1,103.157.149.199,"Mozilla/5.0 (Windows NT 10.0; Win64; x64) AppleWebKit/537.36 (KHTML, like Gecko) Chrome/123.0.0.0 Safari/537.36",,[],323f09d0-309e-42f7-939d-9461d2d1d5c5,25a7b904-a36e-4045-a4e8-6d5f913dd033,false,AwsApiCall,590184126119,Management
root,ASIAYS2NXC2TZIL3V3WK,2024-04-12T08:50:39Z,q.amazonaws.com,StartConversation,us-east-1,103.157.149.199,"Mozilla/5.0 (Windows NT 10.0; Win64; x64) AppleWebKit/537.36 (KHTML, like Gecko) Chrome/123.0.0.0 Safari/537.36",,[],12802074-651a-4fca-82f0-583cd73daf65,e6d60d43-ced1-45f8-b29e-2e806dd7206e,false,AwsApiCall,590184126119,Management
root,,2024-04-12T08:35:08Z,signin.amazonaws.com,ConsoleLogin,us-east-1,103.157.149.199,"Mozilla/5.0 (Windows NT 10.0; Win64; x64) AppleWebKit/537.36 (KHTML, like Gecko) Chrome/123.0.0.0 Safari/537.36",,[],,fbe43680-4128-4466-8f48-33335b581240,false,AwsConsoleSignIn,590184126119,Management
root,ASIAYS2NXC2T7C5OLEWW,2024-04-12T08:29:09Z,iam.amazonaws.com,EnableMFADevice,us-east-1,103.157.149.199,AWS Internal,InvalidAuthenticationCodeException,"[{""resourceType"":""AWS::IAM::User"",""resourceName"":""AWS Root User""},{""resourceType"":""AWS::IAM::MfaDevice"",""resourceName"":""arn:aws:iam::590184126119:mfa/Rajesh""}]",08a63ff4-81d7-496e-903d-3ca2cc882feb,36e4612f-ef0d-468d-a3f9-d436c2b907b3,false,AwsApiCall,590184126119,Management
root,ASIAYS2NXC2TQSIRXFN4,2024-04-12T08:28:40Z,q.amazonaws.com,StartConversation,us-east-1,103.157.149.199,"Mozilla/5.0 (Windows NT 10.0; Win64; x64) AppleWebKit/537.36 (KHTML, like Gecko) Chrome/123.0.0.0 Safari/537.36",,[],a39d34ef-10d1-4102-a4b2-ae7a82554b49,dfa0f3cf-c4f7-4b30-8812-2010bc95ecb0,false,AwsApiCall,590184126119,Management
root,ASIAYS2NXC2TQSIRXFN4,2024-04-12T08:28:33Z,q.amazonaws.com,StartConversation,us-east-1,103.157.149.199,"Mozilla/5.0 (Windows NT 10.0; Win64; x64) AppleWebKit/537.36 (KHTML, like Gecko) Chrome/123.0.0.0 Safari/537.36",,[],4e05a9d4-66d1-45f2-96f9-749b0eb40a13,126dc1c2-23c0-436d-b1f0-9b43091d5ca9,false,AwsApiCall,590184126119,Management
root,ASIAYS2NXC2TQSIRXFN4,2024-04-12T08:28:26Z,q.amazonaws.com,StartConversation,us-east-1,103.157.149.199,"Mozilla/5.0 (Windows NT 10.0; Win64; x64) AppleWebKit/537.36 (KHTML, like Gecko) Chrome/123.0.0.0 Safari/537.36",,[],18c35d57-54d7-43dc-9c40-da6692c2399d,6e1b83d6-218f-4fcf-83eb-cac51b99254a,false,AwsApiCall,590184126119,Management
root,ASIAYS2NXC2TQSIRXFN4,2024-04-12T08:28:25Z,q.amazonaws.com,StartConversation,us-east-1,103.157.149.199,"Mozilla/5.0 (Windows NT 10.0; Win64; x64) AppleWebKit/537.36 (KHTML, like Gecko) Chrome/123.0.0.0 Safari/537.36",,[],899c6d01-8026-41c2-b2b6-d8c715f9c09d,c7f16aaa-e258-4132-9ae3-a95a8c095ba3,false,AwsApiCall,590184126119,Management
root,ASIAYS2NXC2TQSIRXFN4,2024-04-12T08:28:23Z,q.amazonaws.com,StartConversation,us-east-1,103.157.149.199,"Mozilla/5.0 (Windows NT 10.0; Win64; x64) AppleWebKit/537.36 (KHTML, like Gecko) Chrome/123.0.0.0 Safari/537.36",,[],27f85d49-56f6-49a4-9ce4-c018a4e03165,ab73101d-27fa-4b7f-a96e-6aec308701c0,false,AwsApiCall,590184126119,Management
root,ASIAYS2NXC2TQSIRXFN4,2024-04-12T08:28:17Z,q.amazonaws.com,StartConversation,us-east-1,103.157.149.199,"Mozilla/5.0 (Windows NT 10.0; Win64; x64) AppleWebKit/537.36 (KHTML, like Gecko) Chrome/123.0.0.0 Safari/537.36",,[],3a1ecf5f-ba38-4271-a35b-1ea10d10cd6b,570a5da7-c1dd-4e78-b4eb-73985189da5e,false,AwsApiCall,590184126119,Management
root,ASIAYS2NXC2T7C5OLEWW,2024-04-12T08:28:04Z,iam.amazonaws.com,CreateVirtualMFADevice,us-east-1,103.157.149.199,AWS Internal,,"[{""resourceType"":""AWS::IAM::MfaDevice"",""resourceName"":""arn:aws:iam::590184126119:mfa/Raesh""},{""resourceType"":""AWS::IAM::MfaDevice"",""resourceName"":""Raesh""}]",1dea2cf3-42fa-4108-888c-2b521cb01ecb,38b73696-bdf2-4f85-97a7-0e6188a96038,false,AwsApiCall,590184126119,Management
root,,2024-04-12T08:27:19Z,signin.amazonaws.com,ConsoleLogin,us-east-1,103.157.149.199,"Mozilla/5.0 (Windows NT 10.0; Win64; x64) AppleWebKit/537.36 (KHTML, like Gecko) Chrome/123.0.0.0 Safari/537.36",,[],,c2f7804b-41cd-473f-8b27-29755418701f,false,AwsConsoleSignIn,590184126119,Management
root,ASIAYS2NXC2TXWPTNO5Z,2024-04-12T07:53:07Z,q.amazonaws.com,StartConversation,us-east-1,103.157.149.199,"Mozilla/5.0 (Windows NT 10.0; Win64; x64) AppleWebKit/537.36 (KHTML, like Gecko) Chrome/123.0.0.0 Safari/537.36",,[],19f4ba60-4d96-4ada-8d00-61c40ef92f8c,6075da6d-2ee5-4495-bb3f-06bc23706634,false,AwsApiCall,590184126119,Management
root,ASIAYS2NXC2TXWPTNO5Z,2024-04-12T07:52:54Z,q.amazonaws.com,StartConversation,us-east-1,103.157.149.199,"Mozilla/5.0 (Windows NT 10.0; Win64; x64) AppleWebKit/537.36 (KHTML, like Gecko) Chrome/123.0.0.0 Safari/537.36",,[],e4ca6329-e5e0-416b-b013-96d90ddff263,1a2b9be1-fd45-459c-b155-7150b4835147,false,AwsApiCall,590184126119,Management
root,ASIAYS2NXC2TXWPTNO5Z,2024-04-12T07:52:54Z,q.amazonaws.com,StartConversation,us-east-1,103.157.149.199,"Mozilla/5.0 (Windows NT 10.0; Win64; x64) AppleWebKit/537.36 (KHTML, like Gecko) Chrome/123.0.0.0 Safari/537.36",,[],f4c4088f-7a05-49c7-ac27-5d9a69f8857f,752cdc32-9851-4fc3-9eb9-253402053491,false,AwsApiCall,590184126119,Management
root,ASIAYS2NXC2TXWPTNO5Z,2024-04-12T07:52:52Z,q.amazonaws.com,StartConversation,us-east-1,103.157.149.199,"Mozilla/5.0 (Windows NT 10.0; Win64; x64) AppleWebKit/537.36 (KHTML, like Gecko) Chrome/123.0.0.0 Safari/537.36",ThrottlingException,[],652f30d0-2fe8-486b-95e5-b07d246f6a8d,41f5a8ad-f1eb-4468-98fb-1b0fdb6ea8a1,false,AwsApiCall,590184126119,Management
root,ASIAYS2NXC2TXWPTNO5Z,2024-04-12T07:52:51Z,q.amazonaws.com,StartConversation,us-east-1,103.157.149.199,"Mozilla/5.0 (Windows NT 10.0; Win64; x64) AppleWebKit/537.36 (KHTML, like Gecko) Chrome/123.0.0.0 Safari/537.36",,[],c161cb89-d00f-4c99-b15a-7d945f4b2925,8fdd39f3-07bd-47ac-8b61-879bd036310e,false,AwsApiCall,590184126119,Management
root,ASIAYS2NXC2TXWPTNO5Z,2024-04-12T07:51:16Z,q.amazonaws.com,StartConversation,us-east-1,103.157.149.199,"Mozilla/5.0 (Windows NT 10.0; Win64; x64) AppleWebKit/537.36 (KHTML, like Gecko) Chrome/123.0.0.0 Safari/537.36",,[],4d835e47-2107-4dee-8b5c-08981356adb2,87b2236e-68e0-4a2a-b17d-95abb6cf9fae,false,AwsApiCall,590184126119,Management
root,ASIAYS2NXC2T4CAC3QG3,2024-04-12T07:46:56Z,cloudshell.amazonaws.com,DeleteSession,us-east-1,103.157.149.199,"Mozilla/5.0 (Windows NT 10.0; Win64; x64) AppleWebKit/537.36 (KHTML, like Gecko) Chrome/123.0.0.0 Safari/537.36",,[],ac40a84a-b1a1-425e-a36b-0e311ffa2450,5e254afa-955e-4ee4-acf4-a78ad2ab7b3d,false,AwsApiCall,590184126119,Management
root,ASIAYS2NXC2T6GRB73GT,2024-04-12T07:46:27Z,q.amazonaws.com,StartConversation,us-east-1,103.157.149.199,"Mozilla/5.0 (Windows NT 10.0; Win64; x64) AppleWebKit/537.36 (KHTML, like Gecko) Chrome/123.0.0.0 Safari/537.36",,[],bfad8ddb-c801-412c-8f12-341deba449b4,c4293279-8ea6-408d-9138-f2d9b7b3a95e,false,AwsApiCall,590184126119,Management
root,ASIAYS2NXC2T6GRB73GT,2024-04-12T07:46:25Z,q.amazonaws.com,StartConversation,us-east-1,103.157.149.199,"Mozilla/5.0 (Windows NT 10.0; Win64; x64) AppleWebKit/537.36 (KHTML, like Gecko) Chrome/123.0.0.0 Safari/537.36",,[],dc61ca37-5538-4a43-9434-d80e3c3a8d6f,37527c5e-d0d5-46ed-9b65-30fdf9bf3364,false,AwsApiCall,590184126119,Management
root,ASIAYS2NXC2T6GRB73GT,2024-04-12T07:45:41Z,q.amazonaws.com,StartConversation,us-east-1,103.157.149.199,"Mozilla/5.0 (Windows NT 10.0; Win64; x64) AppleWebKit/537.36 (KHTML, like Gecko) Chrome/123.0.0.0 Safari/537.36",,[],63d4ea37-01e9-47bb-aa20-8fbe80222dbf,ca35249b-a3cc-4494-b53a-0d012f9b11c0,false,AwsApiCall,590184126119,Management
root,ASIAYS2NXC2T6GRB73GT,2024-04-12T07:45:33Z,q.amazonaws.com,StartConversation,us-east-1,103.157.149.199,"Mozilla/5.0 (Windows NT 10.0; Win64; x64) AppleWebKit/537.36 (KHTML, like Gecko) Chrome/123.0.0.0 Safari/537.36",,[],8173fc77-60c0-4c9c-97e6-05cab8ce6d0e,74ad3ddf-98a2-478b-ad89-86c24de66e6d,false,AwsApiCall,590184126119,Management
root,ASIAYS2NXC2T7C5OLEWW,2024-04-12T07:45:25Z,iam.amazonaws.com,CreateVirtualMFADevice,us-east-1,103.157.149.199,AWS Internal,,"[{""resourceType"":""AWS::IAM::MfaDevice"",""resourceName"":""Rajesh""},{""resourceType"":""AWS::IAM::MfaDevice"",""resourceName"":""arn:aws:iam::590184126119:mfa/Rajesh""}]",1778da73-a763-449b-8187-b102d4fa6da8,1abb5ba2-b3b6-4b26-a97e-53b3220ea8a5,false,AwsApiCall,590184126119,Management
root,ASIAYS2NXC2T4CAC3QG3,2024-04-12T07:42:41Z,cloudshell.amazonaws.com,PutCredentials,us-east-1,103.157.149.199,"Mozilla/5.0 (Windows NT 10.0; Win64; x64) AppleWebKit/537.36 (KHTML, like Gecko) Chrome/123.0.0.0 Safari/537.36",,[],61afacf8-8af5-4b69-a141-e89075835725,e4b98a22-6da2-4398-9c4c-80017118878f,false,AwsApiCall,590184126119,Management
root,ASIAYS2NXC2TTPCQH3EL,2024-04-12T07:38:31Z,q.amazonaws.com,StartConversation,us-east-1,103.157.149.199,"Mozilla/5.0 (Windows NT 10.0; Win64; x64) AppleWebKit/537.36 (KHTML, like Gecko) Chrome/123.0.0.0 Safari/537.36",,[],e954765a-06d7-4014-9458-201d3fce4f27,fcb3a2da-d29e-4390-a1fa-1b23586fd20a,false,AwsApiCall,590184126119,Management
root,ASIAYS2NXC2T7C5OLEWW,2024-04-12T07:38:13Z,iam.amazonaws.com,CreateVirtualMFADevice,us-east-1,103.157.149.199,AWS Internal,,"[{""resourceType"":""AWS::IAM::MfaDevice"",""resourceName"":""arn:aws:iam::590184126119:mfa/poco""},{""resourceType"":""AWS::IAM::MfaDevice"",""resourceName"":""poco""}]",5d05eac9-b025-4ddf-9957-e552126abb34,563397f0-375b-468c-8cfb-ee00f0e1352c,false,AwsApiCall,590184126119,Management
root,ASIAYS2NXC2T7C5OLEWW,2024-04-12T07:38:12Z,iam.amazonaws.com,DeleteVirtualMFADevice,us-east-1,103.157.149.199,AWS Internal,,"[{""resourceType"":""AWS::IAM::MfaDevice"",""resourceName"":""arn:aws:iam::590184126119:mfa/poco""}]",f5d6f152-498c-47c4-887d-311b91623d0c,440ffdc0-c4e1-48cc-8c75-e161305a673c,false,AwsApiCall,590184126119,Management
root,ASIAYS2NXC2T7C5OLEWW,2024-04-12T07:36:32Z,iam.amazonaws.com,CreateVirtualMFADevice,us-east-1,103.157.149.199,AWS Internal,,"[{""resourceType"":""AWS::IAM::MfaDevice"",""resourceName"":""arn:aws:iam::590184126119:mfa/poco""},{""resourceType"":""AWS::IAM::MfaDevice"",""resourceName"":""poco""}]",f77a2d92-5bde-4377-80cf-a05aacccb621,6b1e4b50-bfe3-42f4-9caa-2bf50c81681a,false,AwsApiCall,590184126119,Management
root,ASIAYS2NXC2TWI77MEVL,2024-04-12T07:35:42Z,cloudshell.amazonaws.com,UpdateLayout,us-east-1,103.157.149.199,"Mozilla/5.0 (Windows NT 10.0; Win64; x64) AppleWebKit/537.36 (KHTML, like Gecko) Chrome/123.0.0.0 Safari/537.36",,[],430753e8-f4ed-4872-96ca-8d4007fc7fbb,d039ecbd-f6d7-41e0-abde-9133a5357e65,false,AwsApiCall,590184126119,Management
root,ASIAYS2NXC2TWI77MEVL,2024-04-12T07:35:39Z,cloudshell.amazonaws.com,PutCredentials,us-east-1,103.157.149.199,"Mozilla/5.0 (Windows NT 10.0; Win64; x64) AppleWebKit/537.36 (KHTML, like Gecko) Chrome/123.0.0.0 Safari/537.36",,[],fde20106-1494-41d0-99b6-d28a6bd7e97f,6f559944-38ba-4edc-ae99-3f6193b9f31c,false,AwsApiCall,590184126119,Management
root,ASIAYS2NXC2TWI77MEVL,2024-04-12T07:35:37Z,cloudshell.amazonaws.com,CreateSession,us-east-1,103.157.149.199,"Mozilla/5.0 (Windows NT 10.0; Win64; x64) AppleWebKit/537.36 (KHTML, like Gecko) Chrome/123.0.0.0 Safari/537.36",,[],8346e893-34ef-4f6d-bdb6-67095ce0c6b3,8608d17b-7fc4-4911-84a3-5c48a1b4a267,false,AwsApiCall,590184126119,Management
root,ASIAYS2NXC2TWI77MEVL,2024-04-12T07:35:34Z,cloudshell.amazonaws.com,UpdateLayout,us-east-1,103.157.149.199,"Mozilla/5.0 (Windows NT 10.0; Win64; x64) AppleWebKit/537.36 (KHTML, like Gecko) Chrome/123.0.0.0 Safari/537.36",,[],fa5c7697-5bd9-4351-ab08-d405548e04fe,afe1ff9d-9332-4d19-8d07-2f27f6dbb9c7,false,AwsApiCall,590184126119,Management
root,ASIAYS2NXC2TWI77MEVL,2024-04-12T07:35:34Z,cloudshell.amazonaws.com,CreateEnvironment,us-east-1,103.157.149.199,"Mozilla/5.0 (Windows NT 10.0; Win64; x64) AppleWebKit/537.36 (KHTML, like Gecko) Chrome/123.0.0.0 Safari/537.36",,[],3174889e-6123-406c-9bd9-12392ff4cf73,b0a25346-26e2-4598-be39-31c7ff85f992,false,AwsApiCall,590184126119,Management
root,ASIAYS2NXC2TZS6PQR7F,2024-04-12T06:46:26Z,q.amazonaws.com,StartConversation,us-east-1,103.157.149.199,"Mozilla/5.0 (Windows NT 10.0; Win64; x64) AppleWebKit/537.36 (KHTML, like Gecko) Chrome/123.0.0.0 Safari/537.36",,[],f01b67b9-98d5-4325-b3cd-24844d2297a2,9dfb4b64-346e-4c4c-aa95-32e1de33521b,false,AwsApiCall,590184126119,Management
root,ASIAYS2NXC2TVU2CGJ7X,2024-04-12T05:05:20Z,billingconsole.amazonaws.com,GetPaymentPreference,us-east-1,103.99.8.121,"Mozilla/5.0 (Windows NT 10.0; Win64; x64) AppleWebKit/537.36 (KHTML, like Gecko) Chrome/123.0.0.0 Safari/537.36",,[],b63d55bd-f5d8-4ea0-b286-2583439e4a96,bbaa56b6-c0bd-43d1-9519-360b87e8663a,false,AwsConsoleAction,590184126119,Management
root,ASIAYS2NXC2TVU2CGJ7X,2024-04-12T04:58:50Z,billingconsole.amazonaws.com,GetPaymentPreference,us-east-1,103.99.8.121,"Mozilla/5.0 (Windows NT 10.0; Win64; x64) AppleWebKit/537.36 (KHTML, like Gecko) Chrome/123.0.0.0 Safari/537.36",,[],c8f86003-41f6-4f32-b8fb-690ec55d83f4,348ad406-bd68-4117-99bb-e44c9ceec587,false,AwsConsoleAction,590184126119,Management
root,,2024-04-12T04:54:36Z,signin.amazonaws.com,ConsoleLogin,us-east-1,103.99.8.121,"Mozilla/5.0 (Windows NT 10.0; Win64; x64) AppleWebKit/537.36 (KHTML, like Gecko) Chrome/123.0.0.0 Safari/537.36",,[],,34d436bf-4618-419c-92c5-9f1401411f59,false,AwsConsoleSignIn,590184126119,Management
root,ASIAYS2NXC2TQ7EOYCNK,2024-04-11T12:38:16Z,q.amazonaws.com,StartConversation,us-east-1,103.99.9.209,"Mozilla/5.0 (Windows NT 10.0; Win64; x64) AppleWebKit/537.36 (KHTML, like Gecko) Chrome/123.0.0.0 Safari/537.36",,[],86c1193d-3427-40e3-a34b-a6c1b54b79d4,4829d12f-6ec4-459d-8319-08da551645c8,false,AwsApiCall,590184126119,Management
root,ASIAYS2NXC2TQ7EOYCNK,2024-04-11T12:38:06Z,q.amazonaws.com,StartConversation,us-east-1,103.99.9.209,"Mozilla/5.0 (Windows NT 10.0; Win64; x64) AppleWebKit/537.36 (KHTML, like Gecko) Chrome/123.0.0.0 Safari/537.36",,[],7eea6631-e5db-4ca1-bd98-42a0c580405e,a7083210-21c9-4b03-a072-360bf5035311,false,AwsApiCall,590184126119,Management
root,ASIAYS2NXC2TQ7EOYCNK,2024-04-11T12:37:44Z,q.amazonaws.com,StartConversation,us-east-1,103.99.9.209,"Mozilla/5.0 (Windows NT 10.0; Win64; x64) AppleWebKit/537.36 (KHTML, like Gecko) Chrome/123.0.0.0 Safari/537.36",,[],eefebac5-1e26-4fa7-abcf-b31636c981ab,05c503b2-41bd-444c-8bbc-b3573981da2e,false,AwsApiCall,590184126119,Management
root,ASIAYS2NXC2TQ7EOYCNK,2024-04-11T12:37:34Z,q.amazonaws.com,StartConversation,us-east-1,103.99.9.209,"Mozilla/5.0 (Windows NT 10.0; Win64; x64) AppleWebKit/537.36 (KHTML, like Gecko) Chrome/123.0.0.0 Safari/537.36",,[],b626617c-3bba-4afc-8c73-90ec35e592db,5c58b724-459d-40ee-983b-64422d8d0b2b,false,AwsApiCall,590184126119,Management
root,ASIAYS2NXC2T2NRBLDTL,2024-04-11T12:37:22Z,billingconsole.amazonaws.com,GetPaymentPreference,us-east-1,103.99.9.209,"Mozilla/5.0 (Windows NT 10.0; Win64; x64) AppleWebKit/537.36 (KHTML, like Gecko) Chrome/123.0.0.0 Safari/537.36",,[],54984acc-9ddd-432b-a2da-d83d5a76a8f9,7eb98979-3387-47af-832b-c6b1155ac558,false,AwsConsoleAction,590184126119,Management
root,ASIAYS2NXC2T2NRBLDTL,2024-04-11T12:36:31Z,billingconsole.amazonaws.com,GetPaymentPreference,us-east-1,103.99.9.209,"Mozilla/5.0 (Windows NT 10.0; Win64; x64) AppleWebKit/537.36 (KHTML, like Gecko) Chrome/123.0.0.0 Safari/537.36",,[],ead8170d-f963-41d8-96e3-5d9f307f5937,1c7b1374-91ae-4bda-926e-017befbf897a,false,AwsConsoleAction,590184126119,Management
root,ASIAYS2NXC2TWYADMJVE,2024-04-11T12:22:29Z,q.amazonaws.com,StartConversation,us-east-1,103.99.9.209,"Mozilla/5.0 (Windows NT 10.0; Win64; x64) AppleWebKit/537.36 (KHTML, like Gecko) Chrome/123.0.0.0 Safari/537.36",,[],9d59ab90-e676-4aff-a173-20a56f5f2a4b,e323e17a-d665-43c7-b09d-1fa487c12f78,false,AwsApiCall,590184126119,Management
root,ASIAYS2NXC2TSFPJKI7G,2024-04-11T12:07:02Z,q.amazonaws.com,StartConversation,us-east-1,103.99.9.209,"Mozilla/5.0 (Windows NT 10.0; Win64; x64) AppleWebKit/537.36 (KHTML, like Gecko) Chrome/123.0.0.0 Safari/537.36",,[],f71aecf9-7679-4863-aa6f-af33d31692de,17837deb-c919-439d-a42d-8a020ebe4308,false,AwsApiCall,590184126119,Management
root,ASIAYS2NXC2TSFPJKI7G,2024-04-11T12:06:12Z,q.amazonaws.com,StartConversation,us-east-1,103.99.9.209,"Mozilla/5.0 (Windows NT 10.0; Win64; x64) AppleWebKit/537.36 (KHTML, like Gecko) Chrome/123.0.0.0 Safari/537.36",,[],2d78a91f-621a-4946-b232-588968838076,464020df-c5e1-438c-9000-9921efb6bc32,false,AwsApiCall,590184126119,Management
root,ASIAYS2NXC2TV5D22EEJ,2024-04-11T11:11:45Z,q.amazonaws.com,StartConversation,us-east-1,103.99.8.183,"Mozilla/5.0 (Windows NT 10.0; Win64; x64) AppleWebKit/537.36 (KHTML, like Gecko) Chrome/123.0.0.0 Safari/537.36",,[],b7b2b589-7c6d-4d01-9091-9ef56be25d3b,4a088903-89f3-4b5e-ba17-4946ca4f8b83,false,AwsApiCall,590184126119,Management
root,ASIAYS2NXC2TV5D22EEJ,2024-04-11T11:10:25Z,q.amazonaws.com,StartConversation,us-east-1,103.99.8.183,"Mozilla/5.0 (Windows NT 10.0; Win64; x64) AppleWebKit/537.36 (KHTML, like Gecko) Chrome/123.0.0.0 Safari/537.36",,[],4ff32a27-4b6b-4c7b-9ac5-5d60f4e20ae2,9b03c5fe-b769-4470-9c83-f4ad0aa3f583,false,AwsApiCall,590184126119,Management
root,ASIAYS2NXC2TV5D22EEJ,2024-04-11T11:08:42Z,q.amazonaws.com,StartConversation,us-east-1,103.99.8.183,"Mozilla/5.0 (Windows NT 10.0; Win64; x64) AppleWebKit/537.36 (KHTML, like Gecko) Chrome/123.0.0.0 Safari/537.36",,[],ea9a5b40-6044-4b9d-8ab6-18f0d7c13ba9,b8efe35c-2897-4f75-a0ee-899dbc6b84b9,false,AwsApiCall,590184126119,Management
root,ASIAYS2NXC2TUDC7A7WB,2024-04-11T09:28:35Z,q.amazonaws.com,StartConversation,us-east-1,103.99.8.183,"Mozilla/5.0 (Windows NT 10.0; Win64; x64) AppleWebKit/537.36 (KHTML, like Gecko) Chrome/123.0.0.0 Safari/537.36",,[],fa96fbd4-3ae2-497a-826d-895d21d6c784,80c49f5e-8e58-49b0-98cf-e49f478b4196,false,AwsApiCall,590184126119,Management
root,,2024-04-11T09:03:20Z,signin.amazonaws.com,ConsoleLogin,us-east-1,103.99.8.183,"Mozilla/5.0 (Windows NT 10.0; Win64; x64) AppleWebKit/537.36 (KHTML, like Gecko) Chrome/123.0.0.0 Safari/537.36",,[],,fc27749e-6d66-411c-a5d6-5b4f02474461,false,AwsConsoleSignIn,590184126119,Management